index,image,char,font
0,ant+hill_90.jpg_0,v,Flower Rose Brush
1,ant+hill_90.jpg_0,i,Flower Rose Brush
2,ant+hill_90.jpg_0,p,Skylark
3,ant+hill_90.jpg_0,r,Skylark
4,ant+hill_90.jpg_0,t,always forever
5,ant+hill_90.jpg_0,h,always forever
6,ant+hill_90.jpg_0,a,always forever
7,ant+hill_90.jpg_0,t,always forever
8,ant+hill_90.jpg_0,a,always forever
9,ant+hill_90.jpg_0,n,always forever
10,ant+hill_90.jpg_0,d,always forever
11,ant+hill_90.jpg_0,I,always forever
12,ant+hill_90.jpg_0,a,Flower Rose Brush
13,ant+hill_90.jpg_0,n,VertigoFLF
14,ant+hill_90.jpg_0,t,VertigoFLF
15,ant+hill_90.jpg_0,e,VertigoFLF
16,ant+hill_90.jpg_0,r,always forever
17,ant+hill_90.jpg_0,n,VertigoFLF
18,ant+hill_90.jpg_0,e,VertigoFLF
19,ant+hill_90.jpg_0,t,VertigoFLF
20,ant+hill_90.jpg_0,B,always forever
21,ant+hill_90.jpg_0,e,always forever
22,ant+hill_90.jpg_0,l,always forever
23,ant+hill_90.jpg_0,g,Sweet Puppy
24,ant+hill_90.jpg_0,l,VertigoFLF
25,ant+hill_90.jpg_0,e,Sweet Puppy
26,ant+hill_90.jpg_0,t,Sweet Puppy
27,ant+hill_90.jpg_0,t,Skylark
28,ant+hill_90.jpg_0,h,Skylark
29,ant+hill_90.jpg_0,e,Skylark
30,ant+hill_90.jpg_0,A,Skylark
31,aquarium_109.jpg_0,h,VertigoFLF
32,aquarium_109.jpg_0,a,VertigoFLF
33,aquarium_109.jpg_0,l,VertigoFLF
34,aquarium_109.jpg_0,t,always forever
35,aquarium_109.jpg_0,n,always forever
36,aquarium_109.jpg_0,e,always forever
37,aquarium_109.jpg_0,w,always forever
38,aquarium_109.jpg_0,s,always forever
39,aquarium_109.jpg_0,p,always forever
40,aquarium_109.jpg_0,a,always forever
41,aquarium_109.jpg_0,p,always forever
42,aquarium_109.jpg_0,e,always forever
43,aquarium_109.jpg_0,v,always forever
44,aquarium_109.jpg_0,r,always forever
45,aquarium_109.jpg_0,s,always forever
46,aquarium_109.jpg_0,.,always forever
47,aquarium_109.jpg_0,e,VertigoFLF
48,aquarium_109.jpg_0,o,Skylark
49,aquarium_109.jpg_0,n,Skylark
50,aquarium_109.jpg_0,e,Skylark
51,aquarium_109.jpg_0,F,Flower Rose Brush
52,aquarium_109.jpg_0,a,VertigoFLF
53,aquarium_109.jpg_0,u,VertigoFLF
54,aquarium_112.jpeg_0,a,always forever
55,aquarium_112.jpeg_0,n,always forever
56,aquarium_112.jpeg_0,y,always forever
57,aquarium_120.jpg_0,A,VertigoFLF
58,aquarium_120.jpg_0,p,VertigoFLF
59,aquarium_120.jpg_0,o,Ubuntu Mono
60,aquarium_120.jpg_0,n,Ubuntu Mono
61,aquarium_120.jpg_0,l,Ubuntu Mono
62,aquarium_120.jpg_0,y,Ubuntu Mono
63,aquarium_120.jpg_0,r,VertigoFLF
64,aquarium_120.jpg_0,f,Ubuntu Mono
65,aquarium_120.jpg_0,i,Ubuntu Mono
66,aquarium_120.jpg_0,n,Ubuntu Mono
67,aquarium_120.jpg_0,d,Ubuntu Mono
68,aquarium_120.jpg_0,K,Wanted M54
69,aquarium_120.jpg_0,K,Wanted M54
70,aquarium_120.jpg_0,K,Wanted M54
71,aquarium_131.jpg_0,D,Ubuntu Mono
72,aquarium_131.jpg_0,a,VertigoFLF
73,aquarium_131.jpg_0,t,VertigoFLF
74,aquarium_131.jpg_0,e,Ubuntu Mono
75,aquarium_131.jpg_0,:,Ubuntu Mono
76,aquarium_132.jpg_0,b,VertigoFLF
77,aquarium_132.jpg_0,r,VertigoFLF
78,aquarium_132.jpg_0,e,VertigoFLF
79,aquarium_132.jpg_0,a,VertigoFLF
80,aquarium_132.jpg_0,k,VertigoFLF
81,asphalt_81.jpg_0,M,always forever
82,asphalt_81.jpg_0,I,always forever
83,asphalt_81.jpg_0,s,always forever
84,asphalt_81.jpg_0,a,VertigoFLF
85,asphalt_81.jpg_0,G,Skylark
86,asphalt_81.jpg_0,M,Skylark
87,asphalt_81.jpg_0,T,Skylark
88,asphalt_81.jpg_0,O,Flower Rose Brush
89,asphalt_81.jpg_0,l,Flower Rose Brush
90,asphalt_81.jpg_0,e,Flower Rose Brush
91,asphalt_81.jpg_0,g,Flower Rose Brush
92,asphalt_81.jpg_0,G,Flower Rose Brush
93,asphalt_81.jpg_0,N,always forever
94,asphalt_81.jpg_0,M,Flower Rose Brush
95,asphalt_81.jpg_0,T,Flower Rose Brush
96,asphalt_81.jpg_0,n,Skylark
97,asphalt_81.jpg_0,e,Skylark
98,asphalt_81.jpg_0,w,Skylark
99,asphalt_81.jpg_0,m,always forever
100,asphalt_81.jpg_0,o,Ubuntu Mono
101,asphalt_81.jpg_0,r,Ubuntu Mono
102,asphalt_81.jpg_0,e,Ubuntu Mono
103,asphalt_81.jpg_0,y,VertigoFLF
104,asphalt_81.jpg_0,a,Flower Rose Brush
105,asphalt_81.jpg_0,e,VertigoFLF
106,asphalt_81.jpg_0,a,VertigoFLF
107,asphalt_81.jpg_0,r,always forever
108,asphalt_81.jpg_0,s,always forever
109,asphalt_81.jpg_0,n,Flower Rose Brush
110,asphalt_81.jpg_0,d,Flower Rose Brush
111,asphalt_81.jpg_0,M,Flower Rose Brush
112,asphalt_81.jpg_0,V,Flower Rose Brush
113,asphalt_81.jpg_0,P,Flower Rose Brush
114,asphalt_81.jpg_0,u,VertigoFLF
115,ballet_99.jpg_0,y,always forever
116,ballet_99.jpg_0,o,always forever
117,ballet_99.jpg_0,s,Flower Rose Brush
118,ballet_99.jpg_0,g,Flower Rose Brush
119,ballet_99.jpg_0,r,Flower Rose Brush
120,ballet_99.jpg_0,o,Flower Rose Brush
121,ballet_99.jpg_0,u,Flower Rose Brush
122,ballet_99.jpg_0,p,Flower Rose Brush
123,ballet_99.jpg_0,s,Flower Rose Brush
124,ballet_99.jpg_0,:,Flower Rose Brush
125,ballet_99.jpg_0,p,VertigoFLF
126,ballet_99.jpg_0,o,VertigoFLF
127,ballet_99.jpg_0,u,always forever
128,ballet_99.jpg_0,s,VertigoFLF
129,ballet_99.jpg_0,t,VertigoFLF
130,ballet_99.jpg_0,s,VertigoFLF
131,ballet_99.jpg_0,S,Wanted M54
132,ballet_99.jpg_0,e,Wanted M54
133,ballet_99.jpg_0,n,Wanted M54
134,ballet_99.jpg_0,d,Wanted M54
135,ballet_99.jpg_0,e,Wanted M54
136,ballet_99.jpg_0,r,Wanted M54
137,ballet_99.jpg_0,:,Wanted M54
138,ballet_99.jpg_0,r,always forever
139,ballet_99.jpg_0,X,Sweet Puppy
140,ballet_99.jpg_0,r,Sweet Puppy
141,ballet_99.jpg_0,e,Sweet Puppy
142,ballet_99.jpg_0,f,Sweet Puppy
143,ballet_99.jpg_0,:,Ubuntu Mono
144,ballet_99.jpg_0,t,VertigoFLF
145,ballet_99.jpg_0,h,VertigoFLF
146,ballet_99.jpg_0,e,VertigoFLF
147,ballet_99.jpg_0,N,Flower Rose Brush
148,ballet_99.jpg_0,e,Flower Rose Brush
149,ballet_99.jpg_0,w,Flower Rose Brush
150,bay+area_20.jpg_0,t,Wanted M54
151,bay+area_20.jpg_0,h,Wanted M54
152,bay+area_20.jpg_0,u,VertigoFLF
153,bay+area_20.jpg_0,a,VertigoFLF
154,bay+area_20.jpg_0,l,VertigoFLF
155,bay+area_20.jpg_0,2,VertigoFLF
156,bay+area_20.jpg_0,5,VertigoFLF
157,bay+area_20.jpg_0,",",VertigoFLF
158,bay+area_20.jpg_0,e,always forever
159,bay+area_20.jpg_0,a,always forever
160,bay+area_20.jpg_0,c,always forever
161,bay+area_20.jpg_0,h,always forever
162,bay+area_20.jpg_0,e,Wanted M54
163,bay+area_20.jpg_0,h,always forever
164,bay+area_20.jpg_0,a,always forever
165,bay+area_20.jpg_0,v,always forever
166,bay+area_20.jpg_0,e,always forever
167,bay+area_20.jpg_0,m,VertigoFLF
168,bay+area_20.jpg_0,a,VertigoFLF
169,bay+area_20.jpg_0,n,VertigoFLF
170,bay+area_74.jpg_0,-,Ubuntu Mono
171,bay+area_74.jpg_0,k,Ubuntu Mono
172,bay+area_74.jpg_0,T,Skylark
173,bay+area_74.jpg_0,r,Skylark
174,bay+area_74.jpg_0,u,Skylark
175,bay+area_74.jpg_0,e,Skylark
176,bay+area_74.jpg_0,"""",Skylark
177,bay+area_74.jpg_0,M,Skylark
178,bay+area_74.jpg_0,i,VertigoFLF
179,bay+area_74.jpg_0,l,Skylark
180,bay+area_74.jpg_0,m,Ubuntu Mono
181,bay+area_74.jpg_0,>,Skylark
182,bay+area_74.jpg_0,T,Skylark
183,bay+area_74.jpg_0,h,Skylark
184,bay+area_74.jpg_0,a,Skylark
185,bay+area_74.jpg_0,n,Skylark
186,bay+area_74.jpg_0,k,Skylark
187,bay+area_74.jpg_0,"""",Skylark
188,bob+dylan_142.jpg_0,w,always forever
189,bob+dylan_142.jpg_0,o,always forever
190,bob+dylan_142.jpg_0,n,VertigoFLF
191,bob+dylan_142.jpg_0,r,always forever
192,bob+dylan_142.jpg_0,l,always forever
193,bob+dylan_142.jpg_0,d,always forever
194,bob+dylan_142.jpg_0,f,VertigoFLF
195,bob+dylan_142.jpg_0,o,VertigoFLF
196,bob+dylan_142.jpg_0,r,VertigoFLF
197,bob+dylan_142.jpg_0,c,VertigoFLF
198,bob+dylan_142.jpg_0,a,VertigoFLF
199,building_60.jpg_0,o,VertigoFLF
200,building_60.jpg_0,l,always forever
201,building_60.jpg_0,i,always forever
202,building_60.jpg_0,r,always forever
203,building_60.jpg_0,s,always forever
204,building_60.jpg_0,d,always forever
205,building_60.jpg_0,s,always forever
206,building_60.jpg_0,.,Wanted M54
207,building_60.jpg_0,a,Wanted M54
208,building_60.jpg_0,n,Wanted M54
209,building_60.jpg_0,d,Wanted M54
210,building_60.jpg_0,p,always forever
211,building_60.jpg_0,a,always forever
212,camping_148.jpg_0,a,Ubuntu Mono
213,camping_148.jpg_0,n,Ubuntu Mono
214,camping_148.jpg_0,d,Ubuntu Mono
215,camping_148.jpg_0,t,Ubuntu Mono
216,camping_148.jpg_0,h,Ubuntu Mono
217,camping_148.jpg_0,e,Ubuntu Mono
218,chocolate_125.jpg_0,(,always forever
219,chocolate_125.jpg_0,A,always forever
220,chocolate_125.jpg_0,o,Ubuntu Mono
221,chocolate_125.jpg_0,m,Ubuntu Mono
222,chocolate_125.jpg_0,:,Ubuntu Mono
223,chocolate_125.jpg_0,n,Ubuntu Mono
224,chocolate_125.jpg_0,e,Ubuntu Mono
225,chocolate_125.jpg_0,x,Ubuntu Mono
226,chocolate_125.jpg_0,t,Ubuntu Mono
227,chocolate_125.jpg_0,t,always forever
228,chocolate_125.jpg_0,h,always forever
229,chocolate_125.jpg_0,e,always forever
230,chocolate_125.jpg_0,d,always forever
231,chocolate_125.jpg_0,f,Wanted M54
232,chocolate_125.jpg_0,a,Wanted M54
233,chocolate_125.jpg_0,i,Wanted M54
234,chocolate_125.jpg_0,r,Wanted M54
235,chocolate_125.jpg_0,l,Wanted M54
236,chocolate_125.jpg_0,y,Wanted M54
237,chocolate_125.jpg_0,t,always forever
238,chocolate_125.jpg_0,h,always forever
239,chocolate_125.jpg_0,a,always forever
240,chocolate_125.jpg_0,t,always forever
241,chocolate_125.jpg_0,a,always forever
242,chocolate_125.jpg_0,f,Ubuntu Mono
243,chocolate_125.jpg_0,l,Ubuntu Mono
244,chocolate_125.jpg_0,u,Ubuntu Mono
245,chocolate_125.jpg_0,i,Ubuntu Mono
246,chocolate_125.jpg_0,d,Ubuntu Mono
247,chocolate_125.jpg_0,s,Ubuntu Mono
248,chocolate_125.jpg_0,s,always forever
249,chocolate_125.jpg_0,o,always forever
250,chocolate_125.jpg_0,m,always forever
251,chocolate_125.jpg_0,e,always forever
252,chocolate_125.jpg_0,m,always forever
253,chocolate_125.jpg_0,C,Wanted M54
254,chocolate_125.jpg_0,a,Wanted M54
255,chocolate_125.jpg_0,n,Wanted M54
256,chocolate_125.jpg_0,t,VertigoFLF
257,chocolate_125.jpg_0,h,VertigoFLF
258,chocolate_125.jpg_0,e,VertigoFLF
259,chocolate_125.jpg_0,R,Sweet Puppy
260,chocolate_125.jpg_0,e,Sweet Puppy
261,chocolate_125.jpg_0,:,Flower Rose Brush
262,chocolate_125.jpg_0,F,Ubuntu Mono
263,chocolate_125.jpg_0,r,Ubuntu Mono
264,chocolate_62.jpg_0,T,Flower Rose Brush
265,chocolate_62.jpg_0,h,Flower Rose Brush
266,chocolate_62.jpg_0,.,Skylark
267,chocolate_62.jpg_0,(,VertigoFLF
268,chocolate_62.jpg_0,a,VertigoFLF
269,chocolate_62.jpg_0,s,VertigoFLF
270,chocolate_62.jpg_0,p,Wanted M54
271,chocolate_62.jpg_0,r,Wanted M54
272,chocolate_62.jpg_0,i,Wanted M54
273,chocolate_62.jpg_0,z,Wanted M54
274,chocolate_62.jpg_0,e,Wanted M54
275,chocolate_62.jpg_0,P,Ubuntu Mono
276,chocolate_62.jpg_0,e,Flower Rose Brush
277,chocolate_62.jpg_0,r,Ubuntu Mono
278,chocolate_62.jpg_0,o,Ubuntu Mono
279,chocolate_62.jpg_0,g,Ubuntu Mono
280,chocolate_62.jpg_0,r,Ubuntu Mono
281,chocolate_62.jpg_0,a,Ubuntu Mono
282,chocolate_62.jpg_0,m,Ubuntu Mono
283,chocolate_62.jpg_0,m,Ubuntu Mono
284,chocolate_62.jpg_0,e,Ubuntu Mono
285,chocolate_62.jpg_0,r,Ubuntu Mono
286,chocolate_62.jpg_0,4,Skylark
287,chocolate_62.jpg_0,R,always forever
288,chocolate_62.jpg_0,.,Skylark
289,chocolate_62.jpg_0,0,Skylark
290,chocolate_62.jpg_0,h,Sweet Puppy
291,chocolate_62.jpg_0,i,Sweet Puppy
292,chocolate_62.jpg_0,m,Sweet Puppy
293,chocolate_62.jpg_0,e,always forever
294,chocolate_62.jpg_0,:,always forever
295,chocolate_62.jpg_0,g,Ubuntu Mono
296,chocolate_62.jpg_0,i,Ubuntu Mono
297,chocolate_62.jpg_0,f,Ubuntu Mono
298,chocolate_62.jpg_0,t,Ubuntu Mono
299,clothes_38.jpg_0,u,Skylark
300,clothes_38.jpg_0,n,Skylark
301,clothes_38.jpg_0,r,Wanted M54
302,clothes_38.jpg_0,i,Wanted M54
303,clothes_38.jpg_0,o,Wanted M54
304,clothes_38.jpg_0,u,Wanted M54
305,clothes_38.jpg_0,s,Wanted M54
306,clothes_38.jpg_0,>,Wanted M54
307,clothes_38.jpg_0,b,Wanted M54
308,clothes_38.jpg_0,i,Wanted M54
309,clothes_38.jpg_0,g,Wanted M54
310,clothes_38.jpg_0,n,Skylark
311,clothes_38.jpg_0,d,Skylark
312,clothes_38.jpg_0,a,Skylark
313,clothes_38.jpg_0,m,Skylark
314,clothes_38.jpg_0,e,Skylark
315,clothes_38.jpg_0,t,always forever
316,clothes_38.jpg_0,e,always forever
317,clothes_38.jpg_0,l,always forever
318,clothes_38.jpg_0,l,always forever
319,clothes_38.jpg_0,.,always forever
320,clothes_38.jpg_0,L,Ubuntu Mono
321,clothes_38.jpg_0,i,Ubuntu Mono
322,clothes_38.jpg_0,e,Skylark
323,clothes_38.jpg_0,n,Ubuntu Mono
324,clothes_38.jpg_0,e,Ubuntu Mono
325,clothes_38.jpg_0,s,Ubuntu Mono
326,clothes_38.jpg_0,:,Ubuntu Mono
327,clothes_38.jpg_0,r,Skylark
328,clothes_38.jpg_0,o,Sweet Puppy
329,clothes_38.jpg_0,u,Sweet Puppy
330,clothes_38.jpg_0,t,Sweet Puppy
331,clothes_38.jpg_0,s,Wanted M54
332,clothes_38.jpg_0,e,Wanted M54
333,clouds_74.jpg_0,o,Skylark
334,clouds_74.jpg_0,n,Ubuntu Mono
335,clouds_74.jpg_0,T,Ubuntu Mono
336,clouds_74.jpg_0,h,Ubuntu Mono
337,clouds_74.jpg_0,e,Ubuntu Mono
338,clouds_74.jpg_0,y,Ubuntu Mono
339,clouds_74.jpg_0,f,Ubuntu Mono
340,clouds_74.jpg_0,o,Ubuntu Mono
341,clouds_74.jpg_0,r,Ubuntu Mono
342,clouds_74.jpg_0,G,VertigoFLF
343,clouds_74.jpg_0,M,VertigoFLF
344,clouds_74.jpg_0,T,VertigoFLF
345,clouds_74.jpg_0,l,Skylark
346,clouds_74.jpg_0,h,VertigoFLF
347,clouds_74.jpg_0,a,VertigoFLF
348,clouds_74.jpg_0,s,VertigoFLF
349,clouds_74.jpg_0,a,Flower Rose Brush
350,clouds_74.jpg_0,n,Flower Rose Brush
351,clouds_74.jpg_0,d,Flower Rose Brush
352,clouds_74.jpg_0,y,Skylark
353,clouds_74.jpg_0,h,Flower Rose Brush
354,clouds_74.jpg_0,o,Flower Rose Brush
355,clouds_74.jpg_0,w,Flower Rose Brush
356,clouds_74.jpg_0,a,Skylark
357,clouds_74.jpg_0,n,Skylark
358,clouds_74.jpg_0,d,Skylark
359,coal_89.jpg_0,a,VertigoFLF
360,coal_89.jpg_0,n,VertigoFLF
361,coal_89.jpg_0,R,Ubuntu Mono
362,coal_89.jpg_0,A,Ubuntu Mono
363,coal_89.jpg_0,N,always forever
364,coal_89.jpg_0,:,Ubuntu Mono
365,coal_89.jpg_0,w,always forever
366,coal_89.jpg_0,o,always forever
367,coal_89.jpg_0,u,always forever
368,coal_89.jpg_0,l,always forever
369,coal_89.jpg_0,d,always forever
370,coal_89.jpg_0,d,VertigoFLF
371,coal_89.jpg_0,a,Ubuntu Mono
372,coal_89.jpg_0,i,always forever
373,coal_89.jpg_0,l,always forever
374,coal_89.jpg_0,i,always forever
375,coal_89.jpg_0,n,always forever
376,coal_89.jpg_0,T,Ubuntu Mono
377,coal_89.jpg_0,U,VertigoFLF
378,crater_109.jpg_0,M,always forever
379,crater_109.jpg_0,i,always forever
380,crater_109.jpg_0,c,Wanted M54
381,crater_109.jpg_0,l,Wanted M54
382,crater_109.jpg_0,e,Wanted M54
383,crater_109.jpg_0,S,always forever
384,crater_109.jpg_0,T,VertigoFLF
385,crater_109.jpg_0,I,VertigoFLF
386,crater_109.jpg_0,J,always forever
387,crater_109.jpg_0,e,always forever
388,crater_109.jpg_0,w,always forever
389,crater_109.jpg_0,s,always forever
390,crater_109.jpg_0,c,always forever
391,crater_109.jpg_0,#,Wanted M54
392,crater_109.jpg_0,0,VertigoFLF
393,crater_109.jpg_0,0,VertigoFLF
394,crater_109.jpg_0,1,Skylark
395,crater_109.jpg_0,3,Wanted M54
396,crater_109.jpg_0,o,always forever
397,crater_109.jpg_0,u,always forever
398,crater_109.jpg_0,r,always forever
399,crater_109.jpg_0,n,VertigoFLF
400,crater_109.jpg_0,o,always forever
401,crater_109.jpg_0,t,always forever
402,crater_109.jpg_0,a,Wanted M54
403,crater_109.jpg_0,r,Wanted M54
404,crater_109.jpg_0,t,Wanted M54
405,crater_109.jpg_0,i,Wanted M54
406,crater_45.jpg_0,T,Sweet Puppy
407,crater_45.jpg_0,o,Sweet Puppy
408,crater_45.jpg_0,S,VertigoFLF
409,crater_45.jpg_0,w,VertigoFLF
410,crater_45.jpg_0,i,VertigoFLF
411,crater_45.jpg_0,f,VertigoFLF
412,crater_45.jpg_0,t,VertigoFLF
413,crater_45.jpg_0,u,Wanted M54
414,crater_45.jpg_0,n,Wanted M54
415,crater_45.jpg_0,l,Wanted M54
416,crater_45.jpg_0,i,Wanted M54
417,crater_45.jpg_0,k,Wanted M54
418,crater_45.jpg_0,r,Sweet Puppy
419,crater_45.jpg_0,e,Wanted M54
420,crater_45.jpg_0,l,Wanted M54
421,crater_45.jpg_0,y,Wanted M54
422,crater_45.jpg_0,t,Wanted M54
423,crater_45.jpg_0,e,Wanted M54
424,crater_45.jpg_0,c,Wanted M54
425,crater_45.jpg_0,h,Wanted M54
426,crater_45.jpg_0,n,Wanted M54
427,crater_45.jpg_0,o,Wanted M54
428,crater_45.jpg_0,l,Wanted M54
429,crater_45.jpg_0,o,Sweet Puppy
430,crater_45.jpg_0,o,Wanted M54
431,crater_45.jpg_0,g,Wanted M54
432,crater_45.jpg_0,i,Wanted M54
433,crater_45.jpg_0,c,Wanted M54
434,crater_45.jpg_0,a,Wanted M54
435,crater_45.jpg_0,l,Wanted M54
436,crater_45.jpg_0,(,Flower Rose Brush
437,crater_45.jpg_0,w,Flower Rose Brush
438,crater_45.jpg_0,e,Flower Rose Brush
439,crater_45.jpg_0,w,Flower Rose Brush
440,crater_45.jpg_0,n,Sweet Puppy
441,crater_45.jpg_0,r,Flower Rose Brush
442,crater_45.jpg_0,i,Flower Rose Brush
443,crater_45.jpg_0,t,Flower Rose Brush
444,crater_45.jpg_0,e,Flower Rose Brush
445,crater_45.jpg_0,s,Flower Rose Brush
446,crater_45.jpg_0,:,Flower Rose Brush
447,crater_45.jpg_0,a,VertigoFLF
448,crater_45.jpg_0,r,VertigoFLF
449,crater_45.jpg_0,e,VertigoFLF
450,crater_45.jpg_0,t,Wanted M54
451,crater_45.jpg_0,t,Sweet Puppy
452,crater_45.jpg_0,h,Wanted M54
453,crater_45.jpg_0,e,Wanted M54
454,crater_45.jpg_0,n,always forever
455,crater_45.jpg_0,e,always forever
456,crater_45.jpg_0,w,always forever
457,crater_45.jpg_0,l,VertigoFLF
458,crater_45.jpg_0,y,always forever
459,crater_45.jpg_0,o,Sweet Puppy
460,crater_45.jpg_0,s,Flower Rose Brush
461,crater_45.jpg_0,e,Flower Rose Brush
462,crater_45.jpg_0,t,Flower Rose Brush
463,crater_52.jpg_0,a,Wanted M54
464,crater_52.jpg_0,l,Wanted M54
465,crater_52.jpg_0,a,always forever
466,crater_52.jpg_0,l,always forever
467,crater_52.jpg_0,1,VertigoFLF
468,crater_52.jpg_0,7,VertigoFLF
469,crater_52.jpg_0,:,always forever
470,crater_52.jpg_0,5,VertigoFLF
471,crater_52.jpg_0,2,VertigoFLF
472,crater_52.jpg_0,:,always forever
473,crater_52.jpg_0,1,always forever
474,crater_52.jpg_0,2,VertigoFLF
475,crater_52.jpg_0,l,Wanted M54
476,crater_52.jpg_0,4,always forever
477,crater_52.jpg_0,0,always forever
478,crater_52.jpg_0,0,always forever
479,crater_52.jpg_0,N,always forever
480,crater_52.jpg_0,2,always forever
481,crater_52.jpg_0,",",always forever
482,crater_52.jpg_0,m,always forever
483,crater_52.jpg_0,u,always forever
484,crater_52.jpg_0,t,always forever
485,crater_52.jpg_0,u,always forever
486,crater_74.jpg_0,d,Flower Rose Brush
487,crater_74.jpg_0,o,Flower Rose Brush
488,crater_74.jpg_0,o,always forever
489,crater_74.jpg_0,n,always forever
490,crater_74.jpg_0,e,always forever
491,crater_74.jpg_0,N,Skylark
492,crater_74.jpg_0,i,Ubuntu Mono
493,crater_74.jpg_0,c,Ubuntu Mono
494,crater_74.jpg_0,e,Ubuntu Mono
495,crater_74.jpg_0,p,always forever
496,crater_74.jpg_0,l,always forever
497,crater_74.jpg_0,a,always forever
498,crater_74.jpg_0,e,Flower Rose Brush
499,crater_74.jpg_0,i,always forever
500,crater_74.jpg_0,n,always forever
501,crater_74.jpg_0,>,VertigoFLF
502,crater_74.jpg_0,s,VertigoFLF
503,crater_74.jpg_0,u,VertigoFLF
504,crater_74.jpg_0,c,VertigoFLF
505,crater_74.jpg_0,h,VertigoFLF
506,crater_74.jpg_0,(,Wanted M54
507,crater_74.jpg_0,o,Wanted M54
508,crater_74.jpg_0,r,Wanted M54
509,crater_74.jpg_0,s,Flower Rose Brush
510,crater_74.jpg_0,w,Wanted M54
511,crater_74.jpg_0,i,Wanted M54
512,crater_74.jpg_0,l,Wanted M54
513,crater_74.jpg_0,l,Wanted M54
514,crater_74.jpg_0,u,Ubuntu Mono
515,crater_74.jpg_0,s,Ubuntu Mono
516,crater_74.jpg_0,i,Ubuntu Mono
517,crater_74.jpg_0,n,VertigoFLF
518,crater_74.jpg_0,g,Ubuntu Mono
519,crater_74.jpg_0,E,Wanted M54
520,crater_74.jpg_0,s,Wanted M54
521,crater_74.jpg_0,D,Wanted M54
522,crater_74.jpg_0,T,Wanted M54
523,crater_74.jpg_0,h,Wanted M54
524,crater_74.jpg_0,o,Wanted M54
525,crater_74.jpg_0,u,Wanted M54
526,crater_74.jpg_0,l,Wanted M54
527,crater_74.jpg_0,d,Wanted M54
528,crater_92.jpg_0,r,VertigoFLF
529,crater_92.jpg_0,u,VertigoFLF
530,crater_92.jpg_0,a,Flower Rose Brush
531,crater_92.jpg_0,n,Flower Rose Brush
532,crater_92.jpg_0,>,always forever
533,crater_92.jpg_0,e,always forever
534,crater_92.jpg_0,l,always forever
535,crater_92.jpg_0,e,always forever
536,crater_92.jpg_0,c,always forever
537,crater_92.jpg_0,t,always forever
538,crater_92.jpg_0,r,always forever
539,crater_92.jpg_0,o,always forever
540,crater_92.jpg_0,b,VertigoFLF
541,crater_92.jpg_0,n,always forever
542,crater_92.jpg_0,i,always forever
543,crater_92.jpg_0,c,always forever
544,crater_92.jpg_0,a,always forever
545,crater_92.jpg_0,l,always forever
546,crater_92.jpg_0,l,always forever
547,crater_92.jpg_0,y,always forever
548,crater_92.jpg_0,.,Wanted M54
549,crater_92.jpg_0,m,Flower Rose Brush
550,crater_92.jpg_0,e,always forever
551,crater_92.jpg_0,b,VertigoFLF
552,crater_92.jpg_0,",",VertigoFLF
553,crater_92.jpg_0,r,VertigoFLF
554,crater_92.jpg_0,e,VertigoFLF
555,crater_92.jpg_0,a,VertigoFLF
556,crater_92.jpg_0,d,VertigoFLF
557,crater_92.jpg_0,S,always forever
558,crater_92.jpg_0,p,always forever
559,crater_92.jpg_0,a,always forever
560,crater_92.jpg_0,c,always forever
561,crater_92.jpg_0,e,always forever
562,crater_92.jpg_0,e,VertigoFLF
563,crater_92.jpg_0,h,always forever
564,crater_92.jpg_0,o,always forever
565,crater_92.jpg_0,w,always forever
566,crater_92.jpg_0,w,always forever
567,crater_92.jpg_0,i,Ubuntu Mono
568,crater_92.jpg_0,t,Ubuntu Mono
569,crater_92.jpg_0,h,Ubuntu Mono
570,crater_92.jpg_0,B,VertigoFLF
571,crater_92.jpg_0,u,VertigoFLF
572,crater_92.jpg_0,i,VertigoFLF
573,crater_92.jpg_0,d,VertigoFLF
574,crater_92.jpg_0,l,VertigoFLF
575,crater_92.jpg_0,d,VertigoFLF
576,crater_92.jpg_0,i,VertigoFLF
577,crater_92.jpg_0,n,VertigoFLF
578,crater_92.jpg_0,g,VertigoFLF
579,crater_92.jpg_0,a,always forever
580,crater_92.jpg_0,n,always forever
581,crater_92.jpg_0,s,always forever
582,crater_92.jpg_0,w,always forever
583,crater_92.jpg_0,e,always forever
584,crater_92.jpg_0,h,Ubuntu Mono
585,crater_92.jpg_0,r,always forever
586,crater_92.jpg_0,h,always forever
587,crater_92.jpg_0,e,always forever
588,crater_92.jpg_0,l,always forever
589,crater_92.jpg_0,p,always forever
590,crater_92.jpg_0,>,always forever
591,crater_92.jpg_0,H,always forever
592,crater_92.jpg_0,e,always forever
593,crater_92.jpg_0,r,always forever
594,crater_92.jpg_0,e,always forever
595,crater_92.jpg_0,a,Ubuntu Mono
596,crater_92.jpg_0,P,Skylark
597,crater_92.jpg_0,D,Skylark
598,crater_92.jpg_0,T,Skylark
599,crater_92.jpg_0,d,Ubuntu Mono
600,crater_92.jpg_0,c,Flower Rose Brush
601,desert_27.jpg_0,C,always forever
602,desert_27.jpg_0,e,always forever
603,desert_27.jpg_0,e,Ubuntu Mono
604,desert_27.jpg_0,s,Ubuntu Mono
605,desert_27.jpg_0,:,Skylark
606,desert_27.jpg_0,n,always forever
607,desert_27.jpg_0,a,always forever
608,desert_27.jpg_0,t,always forever
609,desert_27.jpg_0,i,always forever
610,desert_27.jpg_0,o,VertigoFLF
611,desert_27.jpg_0,n,always forever
612,desert_27.jpg_0,a,always forever
613,desert_27.jpg_0,n,always forever
614,desert_27.jpg_0,l,always forever
615,desert_27.jpg_0,r,always forever
616,desert_27.jpg_0,e,always forever
617,desert_27.jpg_0,m,always forever
618,desert_27.jpg_0,e,always forever
619,desert_27.jpg_0,m,always forever
620,desert_27.jpg_0,b,always forever
621,desert_27.jpg_0,e,always forever
622,desert_27.jpg_0,r,always forever
623,desert_27.jpg_0,W,VertigoFLF
624,desert_27.jpg_0,t,always forever
625,desert_27.jpg_0,i,VertigoFLF
626,desert_27.jpg_0,n,VertigoFLF
627,desert_27.jpg_0,d,VertigoFLF
628,desert_27.jpg_0,o,VertigoFLF
629,desert_27.jpg_0,w,VertigoFLF
630,desert_27.jpg_0,s,VertigoFLF
631,desert_27.jpg_0,.,VertigoFLF
632,desert_27.jpg_0,e,always forever
633,desert_27.jpg_0,r,always forever
634,desert_27.jpg_0,w,Ubuntu Mono
635,desert_27.jpg_0,r,Ubuntu Mono
636,desert_27.jpg_0,i,Ubuntu Mono
637,desert_27.jpg_0,t,Ubuntu Mono
638,desert_30.jpg_0,g,Skylark
639,desert_30.jpg_0,i,VertigoFLF
640,desert_30.jpg_0,G,Skylark
641,desert_30.jpg_0,M,Skylark
642,desert_30.jpg_0,T,Skylark
643,desert_30.jpg_0,1,VertigoFLF
644,desert_30.jpg_0,9,VertigoFLF
645,desert_30.jpg_0,9,VertigoFLF
646,desert_30.jpg_0,3,VertigoFLF
647,desert_30.jpg_0,v,Skylark
648,desert_30.jpg_0,e,Skylark
649,desert_30.jpg_0,d,Skylark
650,desert_30.jpg_0,r,Skylark
651,desert_30.jpg_0,i,Skylark
652,desert_30.jpg_0,v,Skylark
653,desert_30.jpg_0,e,Skylark
654,desert_30.jpg_0,l,Skylark
655,desert_93.jpg_0,s,VertigoFLF
656,desert_93.jpg_0,p,VertigoFLF
657,desert_93.jpg_0,m,always forever
658,desert_93.jpg_0,a,always forever
659,desert_93.jpg_0,p,always forever
660,desert_93.jpg_0,t,always forever
661,desert_93.jpg_0,h,always forever
662,desert_93.jpg_0,i,always forever
663,desert_93.jpg_0,n,always forever
664,desert_93.jpg_0,g,always forever
665,desert_93.jpg_0,s,always forever
666,desert_93.jpg_0,",",VertigoFLF
667,desert_93.jpg_0,a,VertigoFLF
668,desert_93.jpg_0,t,Skylark
669,desert_93.jpg_0,h,Skylark
670,desert_93.jpg_0,e,Skylark
671,desert_93.jpg_0,r,Skylark
672,desert_93.jpg_0,e,Skylark
673,desert_93.jpg_0,",",VertigoFLF
674,desert_93.jpg_0,o,Flower Rose Brush
675,desert_93.jpg_0,u,Flower Rose Brush
676,desert_93.jpg_0,r,Flower Rose Brush
677,desert_93.jpg_0,c,VertigoFLF
678,desert_93.jpg_0,e,VertigoFLF
679,desert_93.jpg_0,c,always forever
680,desert_93.jpg_0,o,always forever
681,desert_93.jpg_0,l,always forever
682,desert_93.jpg_0,o,always forever
683,desert_93.jpg_0,r,always forever
684,eagle_37.jpg_0,t,VertigoFLF
685,eagle_37.jpg_0,h,VertigoFLF
686,eagle_37.jpg_0,e,Wanted M54
687,eagle_37.jpg_0,d,Wanted M54
688,eagle_37.jpg_0,t,Ubuntu Mono
689,eagle_37.jpg_0,h,Ubuntu Mono
690,eagle_37.jpg_0,e,Ubuntu Mono
691,eagle_37.jpg_0,a,always forever
692,eagle_37.jpg_0,l,always forever
693,eagle_37.jpg_0,l,always forever
694,eagle_37.jpg_0,e,VertigoFLF
695,eagle_37.jpg_0,2,Flower Rose Brush
696,eagle_37.jpg_0,0,Flower Rose Brush
697,eagle_37.jpg_0,",",VertigoFLF
698,eagle_37.jpg_0,c,Wanted M54
699,eagle_37.jpg_0,u,Wanted M54
700,eagle_37.jpg_0,t,Wanted M54
701,eagle_37.jpg_0,s,Wanted M54
702,empty+street_115.jpg_0,t,Ubuntu Mono
703,empty+street_115.jpg_0,u,Ubuntu Mono
704,empty+street_115.jpg_0,r,Ubuntu Mono
705,empty+street_115.jpg_0,n,Ubuntu Mono
706,empty+street_138.jpg_0,F,Ubuntu Mono
707,empty+street_138.jpg_0,r,Ubuntu Mono
708,empty+street_138.jpg_0,s,always forever
709,empty+street_138.jpg_0,k,always forever
710,empty+street_138.jpg_0,e,always forever
711,empty+street_138.jpg_0,d,always forever
712,empty+street_138.jpg_0,w,VertigoFLF
713,empty+street_138.jpg_0,i,always forever
714,empty+street_138.jpg_0,l,always forever
715,empty+street_138.jpg_0,l,always forever
716,empty+street_138.jpg_0,b,VertigoFLF
717,empty+street_138.jpg_0,o,VertigoFLF
718,empty+street_138.jpg_0,a,Sweet Puppy
719,empty+street_138.jpg_0,d,VertigoFLF
720,empty+street_138.jpg_0,y,VertigoFLF
721,empty+street_138.jpg_0,s,Wanted M54
722,empty+street_138.jpg_0,u,Wanted M54
723,empty+street_138.jpg_0,c,Wanted M54
724,empty+street_138.jpg_0,h,Wanted M54
725,empty+street_138.jpg_0,-,always forever
726,empty+street_138.jpg_0,t,always forever
727,empty+street_138.jpg_0,e,VertigoFLF
728,empty+street_138.jpg_0,d,VertigoFLF
729,empty+street_138.jpg_0,n,Ubuntu Mono
730,empty+street_138.jpg_0,d,VertigoFLF
731,empty+street_138.jpg_0,y,VertigoFLF
732,empty+street_138.jpg_0,k,always forever
733,empty+street_138.jpg_0,w,always forever
734,empty+street_138.jpg_0,i,always forever
735,empty+street_138.jpg_0,l,always forever
736,empty+street_138.jpg_0,l,always forever
737,empty+street_138.jpg_0,a,always forever
738,farm_40.jpg_0,p,always forever
739,farm_40.jpg_0,o,always forever
740,farm_40.jpg_0,o,Skylark
741,farm_40.jpg_0,u,Skylark
742,farm_40.jpg_0,o,Wanted M54
743,farm_40.jpg_0,u,Wanted M54
744,farm_40.jpg_0,r,Wanted M54
745,farm_40.jpg_0,w,always forever
746,farm_40.jpg_0,a,VertigoFLF
747,farm_40.jpg_0,s,always forever
748,farm_40.jpg_0,s,Ubuntu Mono
749,farm_40.jpg_0,a,Ubuntu Mono
750,farm_40.jpg_0,s,always forever
751,farm_40.jpg_0,c,Ubuntu Mono
752,farm_40.jpg_0,k,Ubuntu Mono
753,farm_40.jpg_0,n,VertigoFLF
754,farm_40.jpg_0,o,VertigoFLF
755,farm_40.jpg_0,t,VertigoFLF
756,farm_40.jpg_0,p,always forever
757,farm_40.jpg_0,e,always forever
758,farm_40.jpg_0,o,VertigoFLF
759,farm_40.jpg_0,p,always forever
760,farm_40.jpg_0,l,always forever
761,farm_40.jpg_0,t,always forever
762,farm_40.jpg_0,e,always forever
763,farm_40.jpg_0,c,Ubuntu Mono
764,farm_40.jpg_0,o,Ubuntu Mono
765,farm_40.jpg_0,l,Ubuntu Mono
766,farm_40.jpg_0,o,Ubuntu Mono
767,farm_40.jpg_0,u,Ubuntu Mono
768,farm_40.jpg_0,r,Ubuntu Mono
769,farm_40.jpg_0,s,Ubuntu Mono
770,farm_40.jpg_0,J,VertigoFLF
771,farm_40.jpg_0,e,VertigoFLF
772,farm_40.jpg_0,a,VertigoFLF
773,farm_40.jpg_0,f,VertigoFLF
774,farm_40.jpg_0,f,VertigoFLF
775,farm_40.jpg_0,.,Skylark
776,farm_40.jpg_0,D,VertigoFLF
777,farm_40.jpg_0,U,VertigoFLF
778,farm_40.jpg_0,E,VertigoFLF
779,farm_40.jpg_0,v,Skylark
780,farm_40.jpg_0,o,VertigoFLF
781,farm_40.jpg_0,i,VertigoFLF
782,farm_40.jpg_0,d,VertigoFLF
783,farm_40.jpg_0,y,Skylark
784,flowers_110.jpg_0,M,Wanted M54
785,flowers_110.jpg_0,S,Wanted M54
786,flowers_110.jpg_0,y,Wanted M54
787,flowers_110.jpg_0,n,Wanted M54
788,flowers_110.jpg_0,o,Wanted M54
789,flowers_110.jpg_0,t,Wanted M54
790,flowers_110.jpg_0,G,Wanted M54
791,flowers_110.jpg_0,d,Flower Rose Brush
792,flowers_110.jpg_0,r,VertigoFLF
793,flowers_110.jpg_0,u,VertigoFLF
794,flowers_110.jpg_0,g,VertigoFLF
795,flowers_110.jpg_0,"""",Wanted M54
796,flowers_110.jpg_0,A,Wanted M54
797,flowers_110.jpg_0,n,Wanted M54
798,flowers_86.jpg_0,t,Ubuntu Mono
799,flowers_86.jpg_0,h,Ubuntu Mono
800,flowers_86.jpg_0,e,Ubuntu Mono
801,flowers_86.jpg_0,e,always forever
802,flowers_86.jpg_0,v,always forever
803,flowers_86.jpg_0,e,always forever
804,flowers_86.jpg_0,n,always forever
805,flowers_86.jpg_0,P,always forever
806,flowers_86.jpg_0,r,always forever
807,flowers_86.jpg_0,o,always forever
808,hiking_144.jpg_0,f,Skylark
809,hiking_144.jpg_0,o,Skylark
810,hiking_144.jpg_0,.,Ubuntu Mono
811,hiking_144.jpg_0,c,Ubuntu Mono
812,hiking_144.jpg_0,g,Ubuntu Mono
813,hiking_144.jpg_0,d,Ubuntu Mono
814,hiking_144.jpg_0,.,Ubuntu Mono
815,hiking_144.jpg_0,u,Ubuntu Mono
816,hiking_144.jpg_0,c,Ubuntu Mono
817,hiking_144.jpg_0,a,Ubuntu Mono
818,hiking_144.jpg_0,r,Ubuntu Mono
819,hiking_144.jpg_0,.,Ubuntu Mono
820,hiking_144.jpg_0,r,Skylark
821,hiking_144.jpg_0,e,Ubuntu Mono
822,hiking_144.jpg_0,d,Ubuntu Mono
823,hiking_144.jpg_0,u,Ubuntu Mono
824,hiking_144.jpg_0,e,Wanted M54
825,hiking_144.jpg_0,l,Wanted M54
826,hiking_144.jpg_0,s,Wanted M54
827,hiking_144.jpg_0,e,Wanted M54
828,hiking_144.jpg_0,h,Sweet Puppy
829,hiking_144.jpg_0,a,Sweet Puppy
830,hiking_144.jpg_0,v,Sweet Puppy
831,hiking_144.jpg_0,b,Ubuntu Mono
832,hiking_144.jpg_0,e,Sweet Puppy
833,hiking_144.jpg_0,y,Flower Rose Brush
834,hiking_144.jpg_0,e,Flower Rose Brush
835,hiking_144.jpg_0,a,Flower Rose Brush
836,hiking_144.jpg_0,r,Flower Rose Brush
837,hiking_144.jpg_0,.,Flower Rose Brush
838,hiking_144.jpg_0,"""",VertigoFLF
839,hiking_144.jpg_0,e,Ubuntu Mono
840,hiking_144.jpg_0,a,Ubuntu Mono
841,hiking_144.jpg_0,n,Ubuntu Mono
842,hiking_144.jpg_0,@,Ubuntu Mono
843,hiking_144.jpg_0,r,Ubuntu Mono
844,hiking_144.jpg_0,a,Ubuntu Mono
845,hill_131.jpg_0,S,always forever
846,hill_131.jpg_0,e,always forever
847,hill_131.jpg_0,1,Ubuntu Mono
848,hill_131.jpg_0,9,Ubuntu Mono
849,hill_131.jpg_0,0,Ubuntu Mono
850,hill_131.jpg_0,4,Ubuntu Mono
851,hill_131.jpg_0,1,Ubuntu Mono
852,hill_131.jpg_0,-,VertigoFLF
853,hill_131.jpg_0,1,Ubuntu Mono
854,hill_131.jpg_0,3,Ubuntu Mono
855,hill_131.jpg_0,9,Ubuntu Mono
856,hill_131.jpg_0,2,Flower Rose Brush
857,hill_131.jpg_0,e,always forever
858,hill_131.jpg_0,W,always forever
859,hill_131.jpg_0,e,always forever
860,hill_131.jpg_0,s,always forever
861,hill_131.jpg_0,t,always forever
862,hill_131.jpg_0,e,always forever
863,hill_131.jpg_0,r,always forever
864,hill_131.jpg_0,n,always forever
865,hill_131.jpg_0,o,Flower Rose Brush
866,hill_131.jpg_0,n,Flower Rose Brush
867,hill_131.jpg_0,e,Flower Rose Brush
868,hill_131.jpg_0,d,Sweet Puppy
869,hill_131.jpg_0,o,Sweet Puppy
870,hill_131.jpg_0,e,Sweet Puppy
871,hill_131.jpg_0,s,Sweet Puppy
872,hill_7.jpg_0,n,VertigoFLF
873,hill_7.jpg_0,e,VertigoFLF
874,hill_7.jpg_0,A,Ubuntu Mono
875,hill_7.jpg_0,n,Ubuntu Mono
876,hill_7.jpg_0,n,Ubuntu Mono
877,hill_7.jpg_0,2,Ubuntu Mono
878,hill_7.jpg_0,8,Ubuntu Mono
879,hill_7.jpg_0,.,Skylark
880,hill_7.jpg_0,f,Ubuntu Mono
881,hill_7.jpg_0,o,Ubuntu Mono
882,hill_7.jpg_0,r,Ubuntu Mono
883,hill_7.jpg_0,w,VertigoFLF
884,hill_7.jpg_0,b,always forever
885,hill_7.jpg_0,e,always forever
886,hill_7.jpg_0,e,always forever
887,hill_7.jpg_0,n,always forever
888,hill_7.jpg_0,n,VertigoFLF
889,hill_7.jpg_0,1,VertigoFLF
890,hill_7.jpg_0,",",always forever
891,hubble_133.jpg_0,t,always forever
892,hubble_133.jpg_0,h,always forever
893,hubble_133.jpg_0,d,always forever
894,hubble_133.jpg_0,m,Ubuntu Mono
895,hubble_133.jpg_0,e,Ubuntu Mono
896,hubble_133.jpg_0,.,VertigoFLF
897,hubble_133.jpg_0,w,always forever
898,hubble_133.jpg_0,a,always forever
899,hubble_133.jpg_0,s,always forever
900,hubble_133.jpg_0,t,Wanted M54
901,hubble_133.jpg_0,h,Wanted M54
902,hubble_133.jpg_0,e,Wanted M54
903,hubble_133.jpg_0,e,always forever
904,hubble_133.jpg_0,s,always forever
905,hubble_133.jpg_0,t,always forever
906,hubble_133.jpg_0,a,VertigoFLF
907,hubble_133.jpg_0,r,always forever
908,hubble_133.jpg_0,t,always forever
909,hubble_133.jpg_0,I,Wanted M54
910,hubble_133.jpg_0,',Wanted M54
911,hubble_133.jpg_0,m,Wanted M54
912,hubble_133.jpg_0,i,Wanted M54
913,hubble_133.jpg_0,s,Wanted M54
914,hubble_133.jpg_0,.,Skylark
915,hubble_133.jpg_0,w,always forever
916,hubble_133.jpg_0,o,always forever
917,hubble_133.jpg_0,u,always forever
918,hubble_133.jpg_0,l,always forever
919,hubble_135.jpg_0,A,always forever
920,hubble_135.jpg_0,D,always forever
921,hubble_135.jpg_0,1,Ubuntu Mono
922,hubble_135.jpg_0,9,Ubuntu Mono
923,hubble_135.jpg_0,9,Ubuntu Mono
924,hubble_135.jpg_0,3,Ubuntu Mono
925,hubble_135.jpg_0,L,always forever
926,hubble_135.jpg_0,M,always forever
927,hubble_135.jpg_0,U,VertigoFLF
928,hubble_135.jpg_0,C,always forever
929,hubble_135.jpg_0,H,always forever
930,hubble_135.jpg_0,F,Wanted M54
931,hubble_135.jpg_0,o,Wanted M54
932,hubble_135.jpg_0,r,Wanted M54
933,indian+musicians_104.jpg_0,a,Sweet Puppy
934,indian+musicians_104.jpg_0,n,Flower Rose Brush
935,indian+musicians_104.jpg_0,n,Wanted M54
936,indian+musicians_104.jpg_0,y,Wanted M54
937,indian+musicians_104.jpg_0,Y,VertigoFLF
938,indian+musicians_104.jpg_0,o,VertigoFLF
939,indian+musicians_104.jpg_0,u,VertigoFLF
940,indian+musicians_104.jpg_0,c,always forever
941,indian+musicians_104.jpg_0,a,always forever
942,indian+musicians_104.jpg_0,n,always forever
943,indian+musicians_104.jpg_0,',always forever
944,indian+musicians_104.jpg_0,t,always forever
945,indian+musicians_104.jpg_0,d,Sweet Puppy
946,indian+musicians_104.jpg_0,d,VertigoFLF
947,indian+musicians_104.jpg_0,e,VertigoFLF
948,indian+musicians_104.jpg_0,b,VertigoFLF
949,indian+musicians_104.jpg_0,t,VertigoFLF
950,indian+musicians_104.jpg_0,c,VertigoFLF
951,indian+musicians_104.jpg_0,o,VertigoFLF
952,indian+musicians_104.jpg_0,l,VertigoFLF
953,indian+musicians_104.jpg_0,o,VertigoFLF
954,indian+musicians_104.jpg_0,r,VertigoFLF
955,indian+musicians_104.jpg_0,(,Wanted M54
956,indian+musicians_104.jpg_0,>,VertigoFLF
957,indian+musicians_104.jpg_0,A,Wanted M54
958,indian+musicians_104.jpg_0,l,Wanted M54
959,indian+musicians_104.jpg_0,a,Wanted M54
960,indian+musicians_104.jpg_0,n,Wanted M54
961,indian+musicians_104.jpg_0,1,always forever
962,indian+musicians_104.jpg_0,-,VertigoFLF
963,indian+musicians_104.jpg_0,0,always forever
964,indian+musicians_104.jpg_0,t,always forever
965,indian+musicians_104.jpg_0,h,always forever
966,indian+musicians_104.jpg_0,e,always forever
967,indian+musicians_104.jpg_0,i,VertigoFLF
968,indian+musicians_104.jpg_0,r,always forever
969,indian+musicians_104.jpg_0,e,always forever
970,indian+musicians_104.jpg_0,y,Flower Rose Brush
971,indian+musicians_104.jpg_0,o,Flower Rose Brush
972,indian+musicians_104.jpg_0,u,Flower Rose Brush
973,indian+musicians_104.jpg_0,f,Skylark
974,indian+musicians_104.jpg_0,p,Flower Rose Brush
975,indian+musicians_104.jpg_0,a,Flower Rose Brush
976,indian+musicians_104.jpg_0,t,Flower Rose Brush
977,indian+musicians_104.jpg_0,a,Wanted M54
978,jaipur_20.jpg_0,T,always forever
979,jaipur_20.jpg_0,h,always forever
980,jaipur_20.jpg_0,6,VertigoFLF
981,jaipur_20.jpg_0,3,VertigoFLF
982,jaipur_20.jpg_0,(,always forever
983,jaipur_20.jpg_0,T,VertigoFLF
984,jaipur_20.jpg_0,o,VertigoFLF
985,jaipur_20.jpg_0,m,VertigoFLF
986,jaipur_20.jpg_0,c,always forever
987,jaipur_20.jpg_0,o,always forever
988,jaipur_20.jpg_0,n,always forever
989,jaipur_20.jpg_0,t,always forever
990,jaipur_20.jpg_0,a,always forever
991,jaipur_20.jpg_0,r,always forever
992,jaipur_20.jpg_0,o,always forever
993,jaipur_20.jpg_0,l,always forever
994,jaipur_20.jpg_0,f,always forever
995,jaipur_20.jpg_0,o,always forever
996,jaipur_20.jpg_0,r,always forever
997,jaipur_20.jpg_0,g,VertigoFLF
998,jaipur_20.jpg_0,e,VertigoFLF
999,jaipur_20.jpg_0,t,VertigoFLF
1000,jaipur_20.jpg_0,t,always forever
1001,jaipur_20.jpg_0,t,always forever
1002,jaipur_20.jpg_0,h,always forever
1003,jaipur_20.jpg_0,e,always forever
1004,jaipur_20.jpg_0,o,Ubuntu Mono
1005,jaipur_20.jpg_0,n,Flower Rose Brush
1006,jaipur_20.jpg_0,c,Flower Rose Brush
1007,jaipur_20.jpg_0,e,Flower Rose Brush
1008,jaipur_20.jpg_0,y,Flower Rose Brush
1009,jaipur_20.jpg_0,o,Flower Rose Brush
1010,jaipur_20.jpg_0,u,Flower Rose Brush
1011,jaipur_20.jpg_0,!,Flower Rose Brush
1012,jaipur_20.jpg_0,',VertigoFLF
1013,jaipur_20.jpg_0,(,always forever
1014,jaipur_20.jpg_0,A,always forever
1015,jaipur_20.jpg_0,a,always forever
1016,jaipur_20.jpg_0,r,always forever
1017,jaipur_20.jpg_0,o,VertigoFLF
1018,jaipur_20.jpg_0,n,always forever
1019,jaipur_20.jpg_0,w,VertigoFLF
1020,jaipur_20.jpg_0,e,VertigoFLF
1021,jaipur_20.jpg_0,l,VertigoFLF
1022,jaipur_20.jpg_0,l,VertigoFLF
1023,jaipur_20.jpg_0,s,VertigoFLF
1024,jaipur_20.jpg_0,u,always forever
1025,jaipur_20.jpg_0,s,always forever
1026,jaipur_20.jpg_0,e,always forever
1027,jaipur_20.jpg_0,.,VertigoFLF
1028,jaipur_20.jpg_0,1,always forever
1029,jaipur_20.jpg_0,3,always forever
1030,jaipur_20.jpg_0,0,always forever
1031,jaipur_20.jpg_0,U,VertigoFLF
1032,jaipur_20.jpg_0,M,VertigoFLF
1033,jaipur_20.jpg_0,C,VertigoFLF
1034,jaipur_20.jpg_0,a,Wanted M54
1035,jaipur_20.jpg_0,C,VertigoFLF
1036,jaipur_20.jpg_0,",",Wanted M54
1037,jaipur_20.jpg_0,f,Wanted M54
1038,jaipur_20.jpg_0,o,Wanted M54
1039,jaipur_20.jpg_0,r,Wanted M54
1040,jaipur_20.jpg_0,7,Flower Rose Brush
1041,jaipur_20.jpg_0,M,Flower Rose Brush
1042,jaipur_20.jpg_0,P,Flower Rose Brush
1043,jaipur_20.jpg_0,^,Wanted M54
1044,jaipur_20.jpg_0,t,VertigoFLF
1045,jaipur_20.jpg_0,n,Wanted M54
1046,jaipur_20.jpg_0,h,VertigoFLF
1047,jaipur_20.jpg_0,e,VertigoFLF
1048,jaipur_20.jpg_0,d,Wanted M54
1049,jaipur_20.jpg_0,6,VertigoFLF
1050,jogging_96.jpg_0,w,Flower Rose Brush
1051,jogging_96.jpg_0,a,Flower Rose Brush
1052,jogging_96.jpg_0,n,Wanted M54
1053,jogging_96.jpg_0,e,Wanted M54
1054,jogging_96.jpg_0,s,Wanted M54
1055,jogging_96.jpg_0,:,Wanted M54
1056,jogging_96.jpg_0,t,Skylark
1057,jogging_96.jpg_0,h,Skylark
1058,jogging_96.jpg_0,e,Skylark
1059,jogging_96.jpg_0,s,Flower Rose Brush
1060,jogging_96.jpg_0,s,Flower Rose Brush
1061,jogging_96.jpg_0,e,Flower Rose Brush
1062,jogging_96.jpg_0,e,Flower Rose Brush
1063,jogging_96.jpg_0,m,Flower Rose Brush
1064,jogging_96.jpg_0,s,Flower Rose Brush
1065,jogging_96.jpg_0,L,Wanted M54
1066,jogging_96.jpg_0,i,Wanted M54
1067,kathak_101.jpg_0,A,Ubuntu Mono
1068,kathak_101.jpg_0,p,Ubuntu Mono
1069,kathak_101.jpg_0,r,Ubuntu Mono
1070,kathak_18.jpg_0,C,VertigoFLF
1071,kathak_18.jpg_0,a,VertigoFLF
1072,kathak_18.jpg_0,a,Flower Rose Brush
1073,kathak_18.jpg_0,n,Flower Rose Brush
1074,kathak_18.jpg_0,l,always forever
1075,kathak_18.jpg_0,e,always forever
1076,kathak_18.jpg_0,n,always forever
1077,kathak_18.jpg_0,s,always forever
1078,kathak_18.jpg_0,q,always forever
1079,kathak_18.jpg_0,u,always forever
1080,kathak_18.jpg_0,i,always forever
1081,kathak_18.jpg_0,c,always forever
1082,kathak_18.jpg_0,n,VertigoFLF
1083,kathak_18.jpg_0,k,always forever
1084,kathak_18.jpg_0,T,always forever
1085,kathak_18.jpg_0,o,always forever
1086,kathak_18.jpg_0,m,Ubuntu Mono
1087,kathak_18.jpg_0,L,always forever
1088,kathak_18.jpg_0,i,always forever
1089,kathak_18.jpg_0,n,always forever
1090,kathak_18.jpg_0,e,always forever
1091,kathak_18.jpg_0,s,always forever
1092,kathak_18.jpg_0,:,always forever
1093,kathak_18.jpg_0,',VertigoFLF
1094,kathak_18.jpg_0,v,Skylark
1095,kathak_18.jpg_0,i,VertigoFLF
1096,kathak_18.jpg_0,a,Skylark
1097,kathak_18.jpg_0,t,VertigoFLF
1098,kathak_18.jpg_0,w,Wanted M54
1099,kathak_18.jpg_0,i,Wanted M54
1100,kathak_18.jpg_0,t,Wanted M54
1101,kathak_18.jpg_0,h,Wanted M54
1102,kathak_18.jpg_0,c,Flower Rose Brush
1103,kerala_108.jpg_0,N,VertigoFLF
1104,kerala_108.jpg_0,e,Ubuntu Mono
1105,kerala_108.jpg_0,c,VertigoFLF
1106,kerala_108.jpg_0,k,VertigoFLF
1107,kerala_108.jpg_0,s,always forever
1108,kerala_108.jpg_0,t,VertigoFLF
1109,kerala_108.jpg_0,h,VertigoFLF
1110,kerala_108.jpg_0,e,VertigoFLF
1111,kerala_108.jpg_0,b,Sweet Puppy
1112,kerala_108.jpg_0,u,Sweet Puppy
1113,kerala_108.jpg_0,t,Sweet Puppy
1114,kerala_108.jpg_0,c,always forever
1115,kerala_108.jpg_0,w,VertigoFLF
1116,kerala_108.jpg_0,a,always forever
1117,kerala_108.jpg_0,s,always forever
1118,kerala_108.jpg_0,e,Ubuntu Mono
1119,kerala_108.jpg_0,p,Ubuntu Mono
1120,kerala_108.jpg_0,a,Wanted M54
1121,kerala_108.jpg_0,r,VertigoFLF
1122,kerala_108.jpg_0,t,Ubuntu Mono
1123,kerala_108.jpg_0,A,always forever
1124,kerala_108.jpg_0,p,always forever
1125,kerala_108.jpg_0,r,always forever
1126,kerala_108.jpg_0,s,VertigoFLF
1127,kerala_108.jpg_0,i,always forever
1128,kerala_108.jpg_0,l,always forever
1129,kerala_108.jpg_0,t,Ubuntu Mono
1130,kerala_108.jpg_0,h,Ubuntu Mono
1131,kerala_108.jpg_0,e,always forever
1132,kerala_108.jpg_0,1,Flower Rose Brush
1133,kerala_108.jpg_0,4,always forever
1134,kerala_108.jpg_0,.,VertigoFLF
1135,kerala_108.jpg_0,5,VertigoFLF
1136,kerala_108.jpg_0,a,VertigoFLF
1137,kerala_108.jpg_0,),always forever
1138,kerala_108.jpg_0,M,VertigoFLF
1139,kerala_108.jpg_0,w,VertigoFLF
1140,kerala_108.jpg_0,i,always forever
1141,kerala_108.jpg_0,l,always forever
1142,kerala_108.jpg_0,l,always forever
1143,kerala_108.jpg_0,o,VertigoFLF
1144,kerala_108.jpg_0,n,VertigoFLF
1145,kerala_108.jpg_0,e,VertigoFLF
1146,kerala_108.jpg_0,w,Wanted M54
1147,kerala_108.jpg_0,a,Wanted M54
1148,kerala_108.jpg_0,s,Wanted M54
1149,kerala_108.jpg_0,p,always forever
1150,kerala_108.jpg_0,i,VertigoFLF
1151,kerala_85.jpg_0,f,VertigoFLF
1152,kerala_85.jpg_0,o,always forever
1153,kerala_85.jpg_0,r,always forever
1154,kerala_85.jpg_0,w,VertigoFLF
1155,kerala_85.jpg_0,h,always forever
1156,kerala_85.jpg_0,y,always forever
1157,kerala_85.jpg_0,?,always forever
1158,leopard_9.jpg_0,2,always forever
1159,leopard_9.jpg_0,7,Skylark
1160,leopard_9.jpg_0,e,VertigoFLF
1161,leopard_9.jpg_0,n,VertigoFLF
1162,leopard_9.jpg_0,W,always forever
1163,leopard_9.jpg_0,H,always forever
1164,leopard_9.jpg_0,A,VertigoFLF
1165,leopard_9.jpg_0,T,Ubuntu Mono
1166,leopard_9.jpg_0,h,Ubuntu Mono
1167,leopard_9.jpg_0,a,Ubuntu Mono
1168,leopard_9.jpg_0,v,Ubuntu Mono
1169,leopard_9.jpg_0,e,Ubuntu Mono
1170,leopard_9.jpg_0,2,always forever
1171,leopard_9.jpg_0,",",Skylark
1172,leopard_9.jpg_0,c,Ubuntu Mono
1173,leopard_9.jpg_0,h,Ubuntu Mono
1174,leopard_9.jpg_0,i,Ubuntu Mono
1175,leopard_9.jpg_0,p,Ubuntu Mono
1176,leopard_9.jpg_0,w,always forever
1177,leopard_9.jpg_0,h,VertigoFLF
1178,maze_119.jpg_0,a,always forever
1179,maze_119.jpg_0,n,VertigoFLF
1180,maze_119.jpg_0,o,Wanted M54
1181,maze_119.jpg_0,B,always forever
1182,maze_119.jpg_0,a,always forever
1183,maze_119.jpg_0,l,always forever
1184,maze_119.jpg_0,a,always forever
1185,maze_119.jpg_0,B,Wanted M54
1186,maze_119.jpg_0,U,Wanted M54
1187,maze_119.jpg_0,F,Wanted M54
1188,maze_119.jpg_0,N,always forever
1189,maze_119.jpg_0,e,always forever
1190,maze_119.jpg_0,y,VertigoFLF
1191,maze_119.jpg_0,w,always forever
1192,maze_119.jpg_0,s,always forever
1193,maze_119.jpg_0,"""",VertigoFLF
1194,maze_119.jpg_0,W,Flower Rose Brush
1195,maze_119.jpg_0,e,Flower Rose Brush
1196,maze_119.jpg_0,m,always forever
1197,maze_119.jpg_0,a,always forever
1198,maze_119.jpg_0,y,always forever
1199,maze_119.jpg_0,a,Flower Rose Brush
1200,maze_119.jpg_0,r,VertigoFLF
1201,maze_119.jpg_0,e,always forever
1202,maze_119.jpg_0,e,Ubuntu Mono
1203,maze_119.jpg_0,a,Ubuntu Mono
1204,maze_119.jpg_0,w,Ubuntu Mono
1205,maze_119.jpg_0,a,Ubuntu Mono
1206,maze_119.jpg_0,y,VertigoFLF
1207,maze_119.jpg_0,.,Flower Rose Brush
1208,maze_119.jpg_0,N,VertigoFLF
1209,maze_119.jpg_0,o,always forever
1210,maze_119.jpg_0,t,VertigoFLF
1211,maze_119.jpg_0,m,always forever
1212,maze_119.jpg_0,a,VertigoFLF
1213,maze_119.jpg_0,i,always forever
1214,maze_119.jpg_0,l,VertigoFLF
1215,maze_119.jpg_0,w,Sweet Puppy
1216,maze_119.jpg_0,h,Sweet Puppy
1217,mesh_45.jpg_0,y,VertigoFLF
1218,mesh_45.jpg_0,o,always forever
1219,mesh_45.jpg_0,u,always forever
1220,mesh_96.jpg_0,f,VertigoFLF
1221,mesh_96.jpg_0,o,VertigoFLF
1222,mesh_96.jpg_0,s,Wanted M54
1223,mesh_96.jpg_0,c,Wanted M54
1224,mesh_96.jpg_0,r,Wanted M54
1225,mesh_96.jpg_0,o,Wanted M54
1226,mesh_96.jpg_0,w,Wanted M54
1227,mesh_96.jpg_0,s,Flower Rose Brush
1228,mesh_96.jpg_0,a,Flower Rose Brush
1229,mesh_96.jpg_0,w,Flower Rose Brush
1230,mesh_96.jpg_0,V,always forever
1231,mesh_96.jpg_0,o,always forever
1232,mesh_96.jpg_0,r,VertigoFLF
1233,mesh_96.jpg_0,l,always forever
1234,mesh_96.jpg_0,u,always forever
1235,mesh_96.jpg_0,m,always forever
1236,mesh_96.jpg_0,e,always forever
1237,mesh_96.jpg_0,t,Skylark
1238,mesh_96.jpg_0,h,Skylark
1239,mesh_96.jpg_0,e,Skylark
1240,mesh_96.jpg_0,t,Wanted M54
1241,mesh_96.jpg_0,h,Wanted M54
1242,mesh_96.jpg_0,e,Wanted M54
1243,mesh_96.jpg_0,o,Ubuntu Mono
1244,mesh_96.jpg_0,n,Ubuntu Mono
1245,mesh_96.jpg_0,e,Ubuntu Mono
1246,mesh_96.jpg_0,n,VertigoFLF
1247,mesh_96.jpg_0,o,VertigoFLF
1248,mesh_96.jpg_0,t,VertigoFLF
1249,mesh_96.jpg_0,e,Wanted M54
1250,monuments_55.jpg_0,t,Sweet Puppy
1251,monuments_55.jpg_0,h,Sweet Puppy
1252,monuments_55.jpg_0,y,Ubuntu Mono
1253,monuments_55.jpg_0,",",Ubuntu Mono
1254,monuments_55.jpg_0,h,Sweet Puppy
1255,monuments_55.jpg_0,i,Flower Rose Brush
1256,monuments_55.jpg_0,m,Sweet Puppy
1257,monuments_55.jpg_0,N,always forever
1258,monuments_55.jpg_0,o,always forever
1259,monuments_55.jpg_0,l,always forever
1260,monuments_55.jpg_0,a,always forever
1261,monuments_55.jpg_0,n,always forever
1262,monuments_55.jpg_0,e,Wanted M54
1263,monuments_55.jpg_0,),always forever
1264,monuments_55.jpg_0,n,Ubuntu Mono
1265,monuments_55.jpg_0,o,Ubuntu Mono
1266,monuments_55.jpg_0,t,always forever
1267,monuments_55.jpg_0,Z,always forever
1268,monuments_55.jpg_0,i,always forever
1269,monuments_55.jpg_0,a,always forever
1270,monuments_55.jpg_0,.,always forever
1271,monuments_55.jpg_0,w,Ubuntu Mono
1272,monuments_55.jpg_0,a,Ubuntu Mono
1273,monuments_55.jpg_0,r,Sweet Puppy
1274,monuments_55.jpg_0,l,Ubuntu Mono
1275,monuments_55.jpg_0,k,Ubuntu Mono
1276,monuments_55.jpg_0,t,VertigoFLF
1277,monuments_55.jpg_0,o,always forever
1278,monuments_55.jpg_0,w,always forever
1279,monuments_55.jpg_0,n,VertigoFLF
1280,monuments_55.jpg_0,9,Flower Rose Brush
1281,monuments_55.jpg_0,5,Flower Rose Brush
1282,monuments_55.jpg_0,%,Flower Rose Brush
1283,monuments_55.jpg_0,b,VertigoFLF
1284,monuments_55.jpg_0,e,Wanted M54
1285,monuments_55.jpg_0,e,VertigoFLF
1286,monuments_55.jpg_0,l,VertigoFLF
1287,monuments_55.jpg_0,l,VertigoFLF
1288,monuments_55.jpg_0,s,always forever
1289,monuments_55.jpg_0,e,always forever
1290,monuments_55.jpg_0,e,VertigoFLF
1291,monuments_55.jpg_0,y,always forever
1292,monuments_55.jpg_0,o,always forever
1293,monuments_55.jpg_0,u,always forever
1294,monuments_55.jpg_0,a,VertigoFLF
1295,monuments_55.jpg_0,A,Flower Rose Brush
1296,monuments_55.jpg_0,r,VertigoFLF
1297,monuments_55.jpg_0,e,VertigoFLF
1298,monuments_55.jpg_0,l,Skylark
1299,monuments_55.jpg_0,b,Ubuntu Mono
1300,monuments_55.jpg_0,a,Ubuntu Mono
1301,monuments_55.jpg_0,n,Ubuntu Mono
1302,newton_134.jpg_0,f,Skylark
1303,newton_134.jpg_0,a,Skylark
1304,newton_134.jpg_0,h,Skylark
1305,newton_134.jpg_0,a,Ubuntu Mono
1306,newton_134.jpg_0,n,Ubuntu Mono
1307,newton_134.jpg_0,y,Ubuntu Mono
1308,newton_134.jpg_0,F,Ubuntu Mono
1309,newton_134.jpg_0,r,Ubuntu Mono
1310,newton_134.jpg_0,o,Ubuntu Mono
1311,newton_134.jpg_0,m,Ubuntu Mono
1312,newton_134.jpg_0,:,Ubuntu Mono
1313,newton_134.jpg_0,r,always forever
1314,newton_134.jpg_0,c,Skylark
1315,newton_134.jpg_0,e,always forever
1316,newton_134.jpg_0,u,always forever
1317,newton_134.jpg_0,s,always forever
1318,newton_134.jpg_0,a,always forever
1319,newton_134.jpg_0,b,always forever
1320,newton_134.jpg_0,l,always forever
1321,newton_134.jpg_0,e,always forever
1322,newton_134.jpg_0,B,VertigoFLF
1323,newton_134.jpg_0,e,VertigoFLF
1324,newton_134.jpg_0,l,VertigoFLF
1325,newton_134.jpg_0,t,Skylark
1326,newton_134.jpg_0,l,VertigoFLF
1327,newton_134.jpg_0,H,VertigoFLF
1328,newton_134.jpg_0,i,Ubuntu Mono
1329,newton_134.jpg_0,",",Sweet Puppy
1330,newton_134.jpg_0,w,always forever
1331,newton_134.jpg_0,o,VertigoFLF
1332,newton_134.jpg_0,r,always forever
1333,newton_134.jpg_0,l,VertigoFLF
1334,newton_134.jpg_0,d,always forever
1335,newton_134.jpg_0,s,Flower Rose Brush
1336,newton_134.jpg_0,A,VertigoFLF
1337,newton_134.jpg_0,o,Flower Rose Brush
1338,newton_134.jpg_0,m,Flower Rose Brush
1339,newton_134.jpg_0,e,Flower Rose Brush
1340,newton_134.jpg_0,Y,Ubuntu Mono
1341,newton_134.jpg_0,o,Ubuntu Mono
1342,newton_134.jpg_0,u,Ubuntu Mono
1343,newton_134.jpg_0,n,Wanted M54
1344,newton_134.jpg_0,o,Wanted M54
1345,newton_134.jpg_0,t,Wanted M54
1346,newton_134.jpg_0,p,VertigoFLF
1347,newton_134.jpg_0,r,VertigoFLF
1348,newton_134.jpg_0,b,Skylark
1349,newton_134.jpg_0,o,Skylark
1350,newton_134.jpg_0,t,Skylark
1351,nile_11.jpg_0,l,Ubuntu Mono
1352,nile_11.jpg_0,i,Ubuntu Mono
1353,nile_11.jpg_0,r,Flower Rose Brush
1354,nile_11.jpg_0,u,Flower Rose Brush
1355,nile_11.jpg_0,n,Flower Rose Brush
1356,nile_11.jpg_0,f,VertigoFLF
1357,nile_11.jpg_0,o,VertigoFLF
1358,nile_11.jpg_0,r,VertigoFLF
1359,nile_11.jpg_0,f,Sweet Puppy
1360,nile_11.jpg_0,o,Sweet Puppy
1361,nile_11.jpg_0,r,Sweet Puppy
1362,nile_11.jpg_0,R,VertigoFLF
1363,nile_11.jpg_0,k,Ubuntu Mono
1364,nile_11.jpg_0,e,VertigoFLF
1365,nile_11.jpg_0,:,VertigoFLF
1366,nile_11.jpg_0,b,VertigoFLF
1367,nile_11.jpg_0,u,VertigoFLF
1368,nile_11.jpg_0,g,VertigoFLF
1369,nile_11.jpg_0,0,Ubuntu Mono
1370,nile_11.jpg_0,2,Ubuntu Mono
1371,nile_11.jpg_0,:,Flower Rose Brush
1372,nile_11.jpg_0,4,Ubuntu Mono
1373,nile_11.jpg_0,1,Ubuntu Mono
1374,nile_11.jpg_0,e,Ubuntu Mono
1375,nile_11.jpg_0,:,Ubuntu Mono
1376,nile_11.jpg_0,2,Ubuntu Mono
1377,nile_11.jpg_0,8,Ubuntu Mono
1378,nile_11.jpg_0,9,VertigoFLF
1379,nile_11.jpg_0,.,Skylark
1380,nile_11.jpg_0,3,VertigoFLF
1381,nile_11.jpg_0,y,VertigoFLF
1382,nile_11.jpg_0,o,VertigoFLF
1383,nile_11.jpg_0,u,VertigoFLF
1384,oxford_2.jpg_0,N,Skylark
1385,oxford_2.jpg_0,o,Skylark
1386,oxford_2.jpg_0,w,Skylark
1387,oxford_2.jpg_0,",",Skylark
1388,oxford_2.jpg_0,t,Skylark
1389,oxford_2.jpg_0,h,Skylark
1390,oxford_2.jpg_0,e,Skylark
1391,oxford_2.jpg_0,t,VertigoFLF
1392,oxford_2.jpg_0,h,VertigoFLF
1393,oxford_2.jpg_0,e,VertigoFLF
1394,person_89.jpg_0,t,always forever
1395,person_89.jpg_0,h,always forever
1396,person_89.jpg_0,r,Wanted M54
1397,person_89.jpg_0,i,Wanted M54
1398,person_89.jpg_0,c,Wanted M54
1399,person_89.jpg_0,a,Wanted M54
1400,person_89.jpg_0,n,Wanted M54
1401,person_89.jpg_0,s,Wanted M54
1402,person_89.jpg_0,:,always forever
1403,person_89.jpg_0,t,Wanted M54
1404,person_89.jpg_0,h,Wanted M54
1405,person_89.jpg_0,e,Wanted M54
1406,person_89.jpg_0,e,always forever
1407,person_89.jpg_0,t,Wanted M54
1408,person_89.jpg_0,h,Wanted M54
1409,person_89.jpg_0,e,Wanted M54
1410,person_89.jpg_0,r,Wanted M54
1411,person_89.jpg_0,e,Wanted M54
1412,person_89.jpg_0,f,Skylark
1413,person_89.jpg_0,o,Skylark
1414,person_89.jpg_0,r,Skylark
1415,person_89.jpg_0,T,Skylark
1416,person_89.jpg_0,h,always forever
1417,person_89.jpg_0,e,always forever
1418,person_89.jpg_0,>,always forever
1419,person_89.jpg_0,A,Wanted M54
1420,person_89.jpg_0,m,Wanted M54
1421,person_89.jpg_0,e,Wanted M54
1422,places_129.jpg_0,u,Skylark
1423,places_129.jpg_0,s,Skylark
1424,places_129.jpg_0,d,Wanted M54
1425,places_129.jpg_0,m,Sweet Puppy
1426,places_129.jpg_0,o,Sweet Puppy
1427,places_129.jpg_0,m,Sweet Puppy
1428,places_129.jpg_0,t,Flower Rose Brush
1429,places_129.jpg_0,h,Flower Rose Brush
1430,places_129.jpg_0,e,Flower Rose Brush
1431,places_129.jpg_0,m,Wanted M54
1432,places_129.jpg_0,a,Wanted M54
1433,places_129.jpg_0,y,Wanted M54
1434,places_129.jpg_0,a,Skylark
1435,places_129.jpg_0,a,Ubuntu Mono
1436,places_129.jpg_0,n,Flower Rose Brush
1437,places_129.jpg_0,d,Skylark
1438,places_129.jpg_0,1,VertigoFLF
1439,places_129.jpg_0,9,VertigoFLF
1440,places_129.jpg_0,9,VertigoFLF
1441,places_129.jpg_0,3,VertigoFLF
1442,places_129.jpg_0,t,Wanted M54
1443,places_129.jpg_0,o,Flower Rose Brush
1444,places_129.jpg_0,.,always forever
1445,places_129.jpg_0,p,always forever
1446,places_129.jpg_0,m,Wanted M54
1447,places_129.jpg_0,a,Wanted M54
1448,places_129.jpg_0,n,VertigoFLF
1449,places_129.jpg_0,y,always forever
1450,places_129.jpg_0,r,always forever
1451,places_129.jpg_0,e,always forever
1452,places_129.jpg_0,:,always forever
1453,places_129.jpg_0,"""",VertigoFLF
1454,places_129.jpg_0,n,VertigoFLF
1455,places_129.jpg_0,o,VertigoFLF
1456,places_129.jpg_0,o,always forever
1457,places_129.jpg_0,t,VertigoFLF
1458,places_129.jpg_0,i,always forever
1459,places_129.jpg_0,n,Wanted M54
1460,places_129.jpg_0,t,always forever
1461,places_129.jpg_0,a,Wanted M54
1462,places_129.jpg_0,n,Wanted M54
1463,places_80.jpg_0,t,Ubuntu Mono
1464,places_80.jpg_0,h,Ubuntu Mono
1465,places_80.jpg_0,f,Flower Rose Brush
1466,places_80.jpg_0,e,Flower Rose Brush
1467,places_80.jpg_0,r,Flower Rose Brush
1468,places_80.jpg_0,e,Flower Rose Brush
1469,places_80.jpg_0,n,Flower Rose Brush
1470,places_80.jpg_0,c,Flower Rose Brush
1471,places_80.jpg_0,e,Flower Rose Brush
1472,places_80.jpg_0,s,Flower Rose Brush
1473,places_80.jpg_0,:,Flower Rose Brush
1474,places_80.jpg_0,m,always forever
1475,places_80.jpg_0,e,Ubuntu Mono
1476,places_80.jpg_0,u,always forever
1477,places_80.jpg_0,s,always forever
1478,places_80.jpg_0,t,always forever
1479,places_80.jpg_0,P,Ubuntu Mono
1480,places_80.jpg_0,u,Ubuntu Mono
1481,places_80.jpg_0,n,Ubuntu Mono
1482,places_80.jpg_0,k,Wanted M54
1483,places_80.jpg_0,e,Wanted M54
1484,places_80.jpg_0,e,Wanted M54
1485,places_80.jpg_0,p,Wanted M54
1486,places_80.jpg_0,a,Flower Rose Brush
1487,places_80.jpg_0,m,always forever
1488,places_80.jpg_0,u,always forever
1489,places_80.jpg_0,c,always forever
1490,places_80.jpg_0,h,always forever
1491,places_80.jpg_0,s,always forever
1492,places_80.jpg_0,h,always forever
1493,places_80.jpg_0,e,always forever
1494,places_80.jpg_0,s,always forever
1495,places_80.jpg_0,R,Flower Rose Brush
1496,places_80.jpg_0,e,Flower Rose Brush
1497,punting_128.jpeg_0,l,VertigoFLF
1498,punting_128.jpeg_0,d,VertigoFLF
1499,punting_128.jpeg_0,l,Ubuntu Mono
1500,punting_128.jpeg_0,:,VertigoFLF
1501,punting_128.jpeg_0,f,Ubuntu Mono
1502,punting_128.jpeg_0,e,Wanted M54
1503,punting_128.jpeg_0,l,Ubuntu Mono
1504,punting_128.jpeg_0,l,Wanted M54
1505,punting_128.jpeg_0,w,Ubuntu Mono
1506,punting_128.jpeg_0,i,Ubuntu Mono
1507,punting_128.jpeg_0,l,Ubuntu Mono
1508,punting_64.jpg_0,h,Ubuntu Mono
1509,punting_64.jpg_0,i,Ubuntu Mono
1510,punting_64.jpg_0,t,Ubuntu Mono
1511,punting_64.jpg_0,w,VertigoFLF
1512,punting_64.jpg_0,h,VertigoFLF
1513,punting_64.jpg_0,y,VertigoFLF
1514,punting_64.jpg_0,F,VertigoFLF
1515,punting_64.jpg_0,A,VertigoFLF
1516,punting_64.jpg_0,Q,VertigoFLF
1517,rain_2.jpg_0,U,Wanted M54
1518,rain_2.jpg_0,s,Wanted M54
1519,rain_2.jpg_0,r,Sweet Puppy
1520,rain_2.jpg_0,e,Sweet Puppy
1521,rain_2.jpg_0,s,Sweet Puppy
1522,rain_2.jpg_0,s,Sweet Puppy
1523,rain_2.jpg_0,m,Flower Rose Brush
1524,rain_2.jpg_0,a,Flower Rose Brush
1525,rain_2.jpg_0,i,Flower Rose Brush
1526,rain_2.jpg_0,l,Flower Rose Brush
1527,rain_2.jpg_0,o,Skylark
1528,rain_2.jpg_0,u,Skylark
1529,rain_2.jpg_0,e,Wanted M54
1530,rain_2.jpg_0,t,Skylark
1531,rain_2.jpg_0,#,Sweet Puppy
1532,rain_2.jpg_0,d,Sweet Puppy
1533,rain_2.jpg_0,e,Sweet Puppy
1534,rain_2.jpg_0,f,Sweet Puppy
1535,rain_2.jpg_0,i,Sweet Puppy
1536,rain_2.jpg_0,n,Sweet Puppy
1537,rain_2.jpg_0,e,Sweet Puppy
1538,rain_2.jpg_0,n,Wanted M54
1539,rain_2.jpg_0,e,Wanted M54
1540,rain_2.jpg_0,t,Wanted M54
1541,rain_2.jpg_0,p,Sweet Puppy
1542,rain_2.jpg_0,r,Sweet Puppy
1543,rain_2.jpg_0,o,Sweet Puppy
1544,rain_2.jpg_0,g,Sweet Puppy
1545,rajasthan_106.jpg_0,0,Flower Rose Brush
1546,rajasthan_106.jpg_0,0,VertigoFLF
1547,rajasthan_106.jpg_0,9,Flower Rose Brush
1548,rajasthan_106.jpg_0,2,Ubuntu Mono
1549,rajasthan_106.jpg_0,4,Ubuntu Mono
1550,rajasthan_106.jpg_0,x,Ubuntu Mono
1551,rajasthan_106.jpg_0,B,Wanted M54
1552,rajasthan_106.jpg_0,B,Wanted M54
1553,rajasthan_106.jpg_0,S,Wanted M54
1554,resort_127.jpg_0,i,Ubuntu Mono
1555,resort_127.jpg_0,n,Ubuntu Mono
1556,resort_127.jpg_0,h,Wanted M54
1557,resort_127.jpg_0,e,Wanted M54
1558,resort_127.jpg_0,t,always forever
1559,resort_127.jpg_0,h,always forever
1560,resort_127.jpg_0,e,always forever
1561,resort_127.jpg_0,t,always forever
1562,resort_127.jpg_0,h,VertigoFLF
1563,resort_127.jpg_0,a,Ubuntu Mono
1564,resort_127.jpg_0,t,VertigoFLF
1565,resort_127.jpg_0,T,Wanted M54
1566,resort_127.jpg_0,c,Ubuntu Mono
1567,resort_127.jpg_0,h,Wanted M54
1568,resort_127.jpg_0,a,Wanted M54
1569,resort_127.jpg_0,n,Wanted M54
1570,resort_127.jpg_0,k,Wanted M54
1571,resort_127.jpg_0,s,Wanted M54
1572,resort_127.jpg_0,",",Wanted M54
1573,resort_127.jpg_0,a,always forever
1574,resort_127.jpg_0,n,always forever
1575,resort_127.jpg_0,d,always forever
1576,resort_127.jpg_0,u,Ubuntu Mono
1577,resort_127.jpg_0,r,Ubuntu Mono
1578,resort_127.jpg_0,s,Ubuntu Mono
1579,resort_127.jpg_0,e,Ubuntu Mono
1580,resort_127.jpg_0,a,always forever
1581,resort_127.jpg_0,t,always forever
1582,resort_127.jpg_0,t,always forever
1583,resort_127.jpg_0,a,always forever
1584,resort_127.jpg_0,c,always forever
1585,resort_127.jpg_0,k,always forever
1586,resort_127.jpg_0,",",VertigoFLF
1587,resort_127.jpg_0,N,always forever
1588,resort_127.jpg_0,e,Ubuntu Mono
1589,resort_127.jpg_0,o,always forever
1590,resort_127.jpg_0,.,VertigoFLF
1591,resort_127.jpg_0,a,always forever
1592,resort_127.jpg_0,t,always forever
1593,resort_127.jpg_0,r,always forever
1594,resort_127.jpg_0,o,always forever
1595,resort_127.jpg_0,c,always forever
1596,resort_127.jpg_0,i,always forever
1597,resort_127.jpg_0,t,always forever
1598,resort_127.jpg_0,i,always forever
1599,resort_127.jpg_0,a,Ubuntu Mono
1600,resort_127.jpg_0,e,always forever
1601,resort_127.jpg_0,s,always forever
1602,resort_127.jpg_0,.,Wanted M54
1603,resort_127.jpg_0,s,Ubuntu Mono
1604,resort_127.jpg_0,e,Ubuntu Mono
1605,resort_127.jpg_0,.,Sweet Puppy
1606,resort_127.jpg_0,t,Wanted M54
1607,resort_24.jpg_0,#,Wanted M54
1608,resort_24.jpg_0,5,Wanted M54
1609,resort_24.jpg_0,5,Wanted M54
1610,resort_24.jpg_0,0,Wanted M54
1611,resort_24.jpg_0,0,Wanted M54
1612,resort_24.jpg_0,E,Wanted M54
1613,roti_50.jpg_0,t,VertigoFLF
1614,roti_50.jpg_0,h,VertigoFLF
1615,roti_50.jpg_0,u,always forever
1616,roti_50.jpg_0,h,always forever
1617,roti_50.jpg_0,?,always forever
1618,roti_50.jpg_0,N,Ubuntu Mono
1619,roti_50.jpg_0,O,Ubuntu Mono
1620,roti_50.jpg_0,T,Ubuntu Mono
1621,roti_50.jpg_0,E,Wanted M54
1622,roti_50.jpg_0,1,always forever
1623,roti_50.jpg_0,9,always forever
1624,roti_50.jpg_0,9,always forever
1625,roti_50.jpg_0,e,VertigoFLF
1626,roti_50.jpg_0,3,always forever
1627,roti_50.jpg_0,a,Wanted M54
1628,roti_50.jpg_0,r,VertigoFLF
1629,roti_50.jpg_0,e,Ubuntu Mono
1630,roti_50.jpg_0,y,VertigoFLF
1631,roti_50.jpg_0,o,VertigoFLF
1632,roti_50.jpg_0,u,VertigoFLF
1633,roti_50.jpg_0,h,always forever
1634,roti_58.jpg_0,I,always forever
1635,roti_58.jpg_0,B,VertigoFLF
1636,roti_58.jpg_0,p,Ubuntu Mono
1637,roti_58.jpg_0,-,VertigoFLF
1638,roti_58.jpg_0,P,Ubuntu Mono
1639,roti_58.jpg_0,o,Ubuntu Mono
1640,roti_58.jpg_0,s,Ubuntu Mono
1641,roti_58.jpg_0,t,Ubuntu Mono
1642,roti_58.jpg_0,i,Ubuntu Mono
1643,roti_58.jpg_0,n,Ubuntu Mono
1644,roti_58.jpg_0,g,Ubuntu Mono
1645,roti_58.jpg_0,-,Skylark
1646,roti_58.jpg_0,M,VertigoFLF
1647,roti_58.jpg_0,H,Ubuntu Mono
1648,roti_58.jpg_0,o,Ubuntu Mono
1649,roti_58.jpg_0,s,Ubuntu Mono
1650,roti_58.jpg_0,t,Ubuntu Mono
1651,roti_58.jpg_0,:,Ubuntu Mono
1652,roti_58.jpg_0,b,VertigoFLF
1653,roti_58.jpg_0,e,VertigoFLF
1654,roti_58.jpg_0,e,VertigoFLF
1655,roti_58.jpg_0,n,VertigoFLF
1656,roti_58.jpg_0,h,always forever
1657,roti_58.jpg_0,B,always forever
1658,roti_58.jpg_0,a,always forever
1659,roti_58.jpg_0,v,always forever
1660,roti_58.jpg_0,e,always forever
1661,roti_58.jpg_0,',VertigoFLF
1662,roti_58.jpg_0,9,Skylark
1663,roti_58.jpg_0,1,VertigoFLF
1664,roti_58.jpg_0,f,always forever
1665,roti_58.jpg_0,r,always forever
1666,roti_58.jpg_0,o,always forever
1667,roti_58.jpg_0,m,always forever
1668,roti_58.jpg_0,o,always forever
1669,roti_58.jpg_0,b,Ubuntu Mono
1670,roti_58.jpg_0,i,Ubuntu Mono
1671,roti_58.jpg_0,t,Ubuntu Mono
1672,roti_58.jpg_0,w,Skylark
1673,roti_58.jpg_0,i,VertigoFLF
1674,roti_58.jpg_0,t,Skylark
1675,roti_58.jpg_0,h,Skylark
1676,roti_58.jpg_0,N,always forever
1677,roti_58.jpg_0,o,always forever
1678,roti_58.jpg_0,t,always forever
1679,roti_58.jpg_0,r,always forever
1680,roti_58.jpg_0,e,always forever
1681,roti_58.jpg_0,n,always forever
1682,roti_58.jpg_0,N,Ubuntu Mono
1683,roti_58.jpg_0,n,Ubuntu Mono
1684,roti_58.jpg_0,t,Ubuntu Mono
1685,sea_129.jpg_0,W,Wanted M54
1686,sea_129.jpg_0,e,Wanted M54
1687,sea_129.jpg_0,d,always forever
1688,sea_129.jpg_0,2,VertigoFLF
1689,sea_129.jpg_0,5,VertigoFLF
1690,sea_129.jpg_0,),VertigoFLF
1691,sea_129.jpg_0,d,Wanted M54
1692,sea_129.jpg_0,",",Wanted M54
1693,sea_129.jpg_0,t,VertigoFLF
1694,sea_129.jpg_0,h,VertigoFLF
1695,sea_129.jpg_0,e,VertigoFLF
1696,sea_129.jpg_0,g,always forever
1697,sea_129.jpg_0,o,always forever
1698,sea_129.jpg_0,o,always forever
1699,silk_72.jpg_0,t,always forever
1700,silk_72.jpg_0,h,always forever
1701,silk_72.jpg_0,e,Ubuntu Mono
1702,silk_72.jpg_0,F,Skylark
1703,silk_72.jpg_0,o,Skylark
1704,silk_72.jpg_0,r,Skylark
1705,silk_72.jpg_0,t,always forever
1706,silk_72.jpg_0,h,always forever
1707,silk_72.jpg_0,e,always forever
1708,silk_72.jpg_0,w,Ubuntu Mono
1709,silk_72.jpg_0,a,Ubuntu Mono
1710,silk_72.jpg_0,s,Ubuntu Mono
1711,silk_72.jpg_0,a,always forever
1712,silk_72.jpg_0,m,VertigoFLF
1713,silk_72.jpg_0,e,VertigoFLF
1714,silk_72.jpg_0,m,VertigoFLF
1715,silk_72.jpg_0,o,VertigoFLF
1716,silk_72.jpg_0,r,VertigoFLF
1717,silk_72.jpg_0,y,VertigoFLF
1718,silk_72.jpg_0,A,Ubuntu Mono
1719,silk_72.jpg_0,p,Ubuntu Mono
1720,silk_72.jpg_0,r,Ubuntu Mono
1721,silk_72.jpg_0,3,Sweet Puppy
1722,silk_72.jpg_0,n,always forever
1723,silk_72.jpg_0,-,Sweet Puppy
1724,silk_72.jpg_0,D,Sweet Puppy
1725,silk_72.jpg_0,t,Ubuntu Mono
1726,silk_72.jpg_0,h,Ubuntu Mono
1727,silk_72.jpg_0,e,Ubuntu Mono
1728,silk_72.jpg_0,w,Skylark
1729,silk_72.jpg_0,i,Skylark
1730,silk_72.jpg_0,t,Skylark
1731,silk_72.jpg_0,h,Skylark
1732,silk_72.jpg_0,t,Ubuntu Mono
1733,silk_72.jpg_0,h,Ubuntu Mono
1734,stage_41.jpg_0,t,Sweet Puppy
1735,stage_41.jpg_0,o,Sweet Puppy
1736,stage_41.jpg_0,:,Flower Rose Brush
1737,stage_41.jpg_0,A,Sweet Puppy
1738,stage_41.jpg_0,S,Sweet Puppy
1739,stage_41.jpg_0,T,Sweet Puppy
1740,stage_41.jpg_0,R,Sweet Puppy
1741,stage_41.jpg_0,O,Sweet Puppy
1742,stage_41.jpg_0,.,Sweet Puppy
1743,stage_41.jpg_0,L,Wanted M54
1744,stage_41.jpg_0,i,Wanted M54
1745,stage_41.jpg_0,n,Wanted M54
1746,stage_41.jpg_0,u,Sweet Puppy
1747,stage_41.jpg_0,e,Wanted M54
1748,stage_41.jpg_0,s,Wanted M54
1749,stage_41.jpg_0,:,Wanted M54
1750,stage_41.jpg_0,m,Sweet Puppy
1751,stage_41.jpg_0,e,Sweet Puppy
1752,stage_41.jpg_0,.,Sweet Puppy
1753,stage_41.jpg_0,k,Skylark
1754,stage_41.jpg_0,n,Skylark
1755,stage_41.jpg_0,o,Skylark
1756,stage_41.jpg_0,w,Skylark
1757,stage_41.jpg_0,g,Sweet Puppy
1758,stage_41.jpg_0,X,Sweet Puppy
1759,stage_41.jpg_0,C,Sweet Puppy
1760,stage_41.jpg_0,o,Sweet Puppy
1761,stage_41.jpg_0,p,Sweet Puppy
1762,stage_41.jpg_0,y,Sweet Puppy
1763,stage_41.jpg_0,A,Sweet Puppy
1764,stage_41.jpg_0,r,Sweet Puppy
1765,stage_41.jpg_0,e,Sweet Puppy
1766,stage_41.jpg_0,a,Sweet Puppy
1767,stage_41.jpg_0,m,Wanted M54
1768,stage_41.jpg_0,h,Sweet Puppy
1769,stage_41.jpg_0,i,Wanted M54
1770,stage_41.jpg_0,s,Wanted M54
1771,stage_41.jpg_0,c,Wanted M54
1772,stage_41.jpg_0,.,Skylark
1773,stage_41.jpg_0,f,Wanted M54
1774,stage_41.jpg_0,o,Wanted M54
1775,stage_41.jpg_0,r,Wanted M54
1776,stage_41.jpg_0,s,Wanted M54
1777,stage_41.jpg_0,a,Wanted M54
1778,stage_41.jpg_0,l,Wanted M54
1779,stage_41.jpg_0,L,Flower Rose Brush
1780,stage_41.jpg_0,e,Wanted M54
1781,stage_41.jpg_0,.,Skylark
1782,stage_41.jpg_0,c,Wanted M54
1783,stage_41.jpg_0,o,Wanted M54
1784,stage_41.jpg_0,m,Wanted M54
1785,stage_41.jpg_0,p,Wanted M54
1786,stage_41.jpg_0,u,Wanted M54
1787,stage_41.jpg_0,t,Wanted M54
1788,stage_41.jpg_0,e,Wanted M54
1789,stage_41.jpg_0,r,Wanted M54
1790,stage_41.jpg_0,i,Flower Rose Brush
1791,stage_41.jpg_0,s,Wanted M54
1792,stage_41.jpg_0,.,Skylark
1793,stage_41.jpg_0,p,Wanted M54
1794,stage_41.jpg_0,c,Wanted M54
1795,stage_41.jpg_0,-,Wanted M54
1796,stage_41.jpg_0,c,Wanted M54
1797,stage_41.jpg_0,l,Wanted M54
1798,stage_41.jpg_0,o,Wanted M54
1799,stage_41.jpg_0,n,Wanted M54
1800,stage_41.jpg_0,e,Wanted M54
1801,stage_41.jpg_0,n,Flower Rose Brush
1802,stage_41.jpg_0,",",Wanted M54
1803,stage_41.jpg_0,m,Wanted M54
1804,stage_41.jpg_0,i,Wanted M54
1805,stage_41.jpg_0,s,Wanted M54
1806,stage_41.jpg_0,c,Wanted M54
1807,stage_41.jpg_0,.,Wanted M54
1808,stage_41.jpg_0,f,Wanted M54
1809,stage_41.jpg_0,o,Wanted M54
1810,stage_41.jpg_0,r,Wanted M54
1811,stage_41.jpg_0,s,Wanted M54
1812,stage_41.jpg_0,e,Flower Rose Brush
1813,stage_41.jpg_0,a,Wanted M54
1814,stage_41.jpg_0,l,Wanted M54
1815,stage_41.jpg_0,e,Wanted M54
1816,stage_41.jpg_0,_,Skylark
1817,stage_41.jpg_0,E,Skylark
1818,stage_41.jpg_0,r,Ubuntu Mono
1819,stage_41.jpg_0,i,Ubuntu Mono
1820,stage_41.jpg_0,k,Ubuntu Mono
1821,stage_41.jpg_0,a,Wanted M54
1822,stage_41.jpg_0,s,Wanted M54
1823,stage_41.jpg_0,s,Flower Rose Brush
1824,stage_41.jpg_0,k,Wanted M54
1825,study+room_104.jpg_0,A,VertigoFLF
1826,study+room_104.jpg_0,p,VertigoFLF
1827,study+room_104.jpg_0,r,Wanted M54
1828,study+room_104.jpg_0,o,Wanted M54
1829,study+room_104.jpg_0,l,Wanted M54
1830,study+room_104.jpg_0,:,Wanted M54
1831,study+room_104.jpg_0,t,Ubuntu Mono
1832,study+room_104.jpg_0,h,Ubuntu Mono
1833,study+room_104.jpg_0,e,Ubuntu Mono
1834,study+room_104.jpg_0,t,always forever
1835,study+room_104.jpg_0,h,always forever
1836,study+room_104.jpg_0,e,always forever
1837,study+room_104.jpg_0,r,VertigoFLF
1838,study+room_104.jpg_0,r,Ubuntu Mono
1839,study+room_104.jpg_0,i,always forever
1840,study+room_104.jpg_0,g,VertigoFLF
1841,study+room_104.jpg_0,h,VertigoFLF
1842,study+room_104.jpg_0,t,Ubuntu Mono
1843,study+room_104.jpg_0,A,always forever
1844,study+room_104.jpg_0,n,always forever
1845,study+room_104.jpg_0,y,always forever
1846,study+room_104.jpg_0,C,Wanted M54
1847,study+room_104.jpg_0,o,Wanted M54
1848,study+room_104.jpg_0,n,Wanted M54
1849,study+room_104.jpg_0,t,Wanted M54
1850,swimming_34.jpg_0,p,Ubuntu Mono
1851,swimming_34.jpg_0,i,Ubuntu Mono
1852,swimming_34.jpg_0,r,Wanted M54
1853,swimming_34.jpg_0,h,VertigoFLF
1854,swimming_34.jpg_0,a,VertigoFLF
1855,swimming_34.jpg_0,s,Ubuntu Mono
1856,swimming_34.jpg_0,c,Ubuntu Mono
1857,swimming_34.jpg_0,k,always forever
1858,swimming_34.jpg_0,.,Skylark
1859,swimming_34.jpg_0,t,VertigoFLF
1860,swimming_34.jpg_0,h,VertigoFLF
1861,swimming_34.jpg_0,e,VertigoFLF
1862,swimming_34.jpg_0,(,Wanted M54
1863,swimming_34.jpg_0,o,Wanted M54
1864,swimming_69.jpg_0,w,always forever
1865,swimming_69.jpg_0,o,always forever
1866,swimming_69.jpg_0,t,VertigoFLF
1867,swimming_69.jpg_0,h,VertigoFLF
1868,swimming_69.jpg_0,a,VertigoFLF
1869,swimming_69.jpg_0,t,VertigoFLF
1870,swimming_69.jpg_0,S,VertigoFLF
1871,swimming_69.jpg_0,w,VertigoFLF
1872,swimming_69.jpg_0,e,VertigoFLF
1873,swimming_69.jpg_0,d,VertigoFLF
1874,swimming_69.jpg_0,e,VertigoFLF
1875,swimming_69.jpg_0,n,VertigoFLF
1876,swimming_69.jpg_0,u,always forever
1877,swimming_69.jpg_0,Y,Skylark
1878,swimming_69.jpg_0,o,Skylark
1879,swimming_69.jpg_0,u,Skylark
1880,swimming_69.jpg_0,p,Ubuntu Mono
1881,swimming_69.jpg_0,u,Ubuntu Mono
1882,swimming_69.jpg_0,t,Ubuntu Mono
1883,swimming_69.jpg_0,n,Wanted M54
1884,swimming_69.jpg_0,e,Wanted M54
1885,swimming_69.jpg_0,x,Wanted M54
1886,swimming_69.jpg_0,t,Wanted M54
1887,swimming_69.jpg_0,l,always forever
1888,swimming_69.jpg_0,d,always forever
1889,swimming_69.jpg_0,d,always forever
1890,swimming_69.jpg_0,o,always forever
1891,swimming_69.jpg_0,n,always forever
1892,swimming_69.jpg_0,',always forever
1893,swimming_69.jpg_0,t,VertigoFLF
1894,tennis_92.jpg_0,c,Wanted M54
1895,tennis_92.jpg_0,a,Ubuntu Mono
1896,tennis_92.jpg_0,a,VertigoFLF
1897,tennis_92.jpg_0,r,always forever
1898,tennis_92.jpg_0,k,VertigoFLF
1899,tennis_92.jpg_0,i,VertigoFLF
1900,tennis_92.jpg_0,n,VertigoFLF
1901,tennis_92.jpg_0,g,VertigoFLF
1902,tennis_92.jpg_0,e,always forever
1903,tennis_92.jpg_0,c,always forever
1904,tennis_92.jpg_0,h,always forever
1905,tennis_92.jpg_0,t,always forever
1906,tennis_92.jpg_0,u,Wanted M54
1907,tennis_92.jpg_0,e,always forever
1908,tennis_92.jpg_0,a,always forever
1909,tennis_92.jpg_0,n,always forever
1910,tennis_92.jpg_0,d,always forever
1911,tennis_92.jpg_0,s,VertigoFLF
1912,tennis_92.jpg_0,e,Sweet Puppy
1913,tennis_92.jpg_0,a,Wanted M54
1914,tennis_92.jpg_0,l,Wanted M54
1915,tennis_92.jpg_0,l,Wanted M54
1916,tennis_92.jpg_0,",",VertigoFLF
1917,tennis_92.jpg_0,p,VertigoFLF
1918,texture_31.jpg_0,d,always forever
1919,texture_31.jpg_0,o,always forever
1920,texture_31.jpg_0,n,VertigoFLF
1921,texture_31.jpg_0,d,always forever
1922,texture_31.jpg_0,w,always forever
1923,texture_31.jpg_0,e,always forever
1924,texture_31.jpg_0,r,always forever
1925,texture_31.jpg_0,e,always forever
1926,texture_31.jpg_0,1,always forever
1927,texture_31.jpg_0,1,always forever
1928,texture_31.jpg_0,5,always forever
1929,texture_31.jpg_0,(,always forever
1930,texture_31.jpg_0,u,VertigoFLF
1931,texture_31.jpg_0,S,Flower Rose Brush
1932,texture_31.jpg_0,a,Wanted M54
1933,texture_31.jpg_0,i,Wanted M54
1934,texture_31.jpg_0,n,Wanted M54
1935,texture_31.jpg_0,t,Flower Rose Brush
1936,texture_31.jpg_0,a,VertigoFLF
1937,texture_31.jpg_0,n,always forever
1938,texture_31.jpg_0,d,always forever
1939,texture_31.jpg_0,s,Ubuntu Mono
1940,texture_31.jpg_0,a,Ubuntu Mono
1941,texture_31.jpg_0,b,always forever
1942,texture_31.jpg_0,d,Ubuntu Mono
1943,texture_31.jpg_0,l,VertigoFLF
1944,texture_31.jpg_0,y,always forever
1945,texture_31.jpg_0,",",Ubuntu Mono
1946,texture_31.jpg_0,t,Ubuntu Mono
1947,texture_31.jpg_0,h,Ubuntu Mono
1948,texture_31.jpg_0,a,Ubuntu Mono
1949,texture_31.jpg_0,t,Ubuntu Mono
1950,texture_31.jpg_0,l,always forever
1951,texture_31.jpg_0,e,always forever
1952,texture_31.jpg_0,-,Skylark
1953,texture_31.jpg_0,b,always forever
1954,texture_31.jpg_0,l,always forever
1955,texture_31.jpg_0,i,always forever
1956,tree+trunk_5.jpg_0,f,always forever
1957,tree+trunk_5.jpg_0,a,always forever
1958,tree+trunk_5.jpg_0,t,Ubuntu Mono
1959,tree+trunk_5.jpg_0,t,VertigoFLF
1960,tree+trunk_5.jpg_0,h,VertigoFLF
1961,tree+trunk_5.jpg_0,i,VertigoFLF
1962,tree+trunk_5.jpg_0,s,VertigoFLF
1963,tree+trunk_5.jpg_0,k,Ubuntu Mono
1964,tree+trunk_5.jpg_0,i,Ubuntu Mono
1965,tree+trunk_5.jpg_0,d,Ubuntu Mono
1966,tree+trunk_5.jpg_0,c,always forever
1967,tree+trunk_5.jpg_0,t,always forever
1968,tree+trunk_5.jpg_0,.,always forever
1969,tree+trunk_5.jpg_0,S,Flower Rose Brush
1970,tree+trunk_5.jpg_0,u,Flower Rose Brush
1971,tree+trunk_5.jpg_0,n,Flower Rose Brush
1972,tree+trunk_5.jpg_0,B,Skylark
1973,tree+trunk_5.jpg_0,i,Ubuntu Mono
1974,tyres_136.jpg_0,L,always forever
1975,tyres_136.jpg_0,i,always forever
1976,tyres_136.jpg_0,l,always forever
1977,tyres_136.jpg_0,e,Ubuntu Mono
1978,tyres_136.jpg_0,s,Ubuntu Mono
1979,tyres_136.jpg_0,W,Wanted M54
1980,tyres_136.jpg_0,I,Wanted M54
1981,tyres_136.jpg_0,P,Wanted M54
1982,tyres_136.jpg_0,",",Wanted M54
1983,tyres_136.jpg_0,3,always forever
1984,tyres_136.jpg_0,5,always forever
1985,tyres_136.jpg_0,1,always forever
1986,tyres_136.jpg_0,n,always forever
1987,tyres_136.jpg_0,5,always forever
1988,tyres_136.jpg_0,",",always forever
1989,tyres_136.jpg_0,T,always forever
1990,tyres_136.jpg_0,h,always forever
1991,tyres_136.jpg_0,a,always forever
1992,tyres_136.jpg_0,n,always forever
1993,tyres_136.jpg_0,k,always forever
1994,tyres_136.jpg_0,s,always forever
1995,tyres_136.jpg_0,e,always forever
1996,tyres_136.jpg_0,s,VertigoFLF
1997,tyres_136.jpg_0,:,always forever
1998,tyres_136.jpg_0,A,always forever
1999,tyres_136.jpg_0,n,Ubuntu Mono
2000,tyres_136.jpg_0,g,Ubuntu Mono
2001,tyres_136.jpg_0,e,Ubuntu Mono
2002,tyres_145.jpg_0,a,VertigoFLF
2003,tyres_145.jpg_0,l,always forever
2004,tyres_145.jpg_0,:,Ubuntu Mono
2005,tyres_145.jpg_0,L,Skylark
2006,tyres_145.jpg_0,i,Ubuntu Mono
2007,tyres_145.jpg_0,n,Ubuntu Mono
2008,tyres_145.jpg_0,e,Ubuntu Mono
2009,tyres_145.jpg_0,s,Ubuntu Mono
2010,tyres_145.jpg_0,:,Ubuntu Mono
2011,tyres_145.jpg_0,R,Wanted M54
2012,tyres_145.jpg_0,e,Wanted M54
2013,tyres_145.jpg_0,:,Wanted M54
2014,tyres_145.jpg_0,l,VertigoFLF
2015,tyres_145.jpg_0,(,Skylark
2016,tyres_145.jpg_0,0,Wanted M54
2017,tyres_145.jpg_0,2,Wanted M54
2018,tyres_145.jpg_0,0,Wanted M54
2019,tyres_145.jpg_0,9,Wanted M54
2020,tyres_145.jpg_0,),Wanted M54
2021,tyres_145.jpg_0,t,Wanted M54
2022,tyres_145.jpg_0,h,Wanted M54
2023,tyres_145.jpg_0,e,Wanted M54
2024,tyres_145.jpg_0,l,Ubuntu Mono
2025,tyres_145.jpg_0,i,Ubuntu Mono
2026,tyres_145.jpg_0,s,Ubuntu Mono
2027,tyres_145.jpg_0,t,Ubuntu Mono
2028,village_143.jpg_0,s,Ubuntu Mono
2029,village_143.jpg_0,c,Ubuntu Mono
2030,village_143.jpg_0,o,Ubuntu Mono
2031,village_143.jpg_0,n,Ubuntu Mono
2032,village_143.jpg_0,i,Ubuntu Mono
2033,village_143.jpg_0,c,Ubuntu Mono
2034,village_143.jpg_0,s,Ubuntu Mono
2035,village_143.jpg_0,C,Wanted M54
2036,village_143.jpg_0,a,Wanted M54
2037,village_143.jpg_0,r,Wanted M54
2038,village_143.jpg_0,e,Wanted M54
2039,village_143.jpg_0,Z,VertigoFLF
2040,village_143.jpg_0,i,Ubuntu Mono
2041,village_143.jpg_0,i,VertigoFLF
2042,village_143.jpg_0,o,VertigoFLF
2043,village_143.jpg_0,n,VertigoFLF
2044,village_143.jpg_0,i,VertigoFLF
2045,village_143.jpg_0,s,VertigoFLF
2046,village_143.jpg_0,m,VertigoFLF
2047,village_143.jpg_0,.,always forever
2048,village_143.jpg_0,e,Ubuntu Mono
2049,village_143.jpg_0,l,Ubuntu Mono
2050,village_143.jpg_0,e,Ubuntu Mono
2051,village_143.jpg_0,c,Ubuntu Mono
2052,village_143.jpg_0,t,Ubuntu Mono
2053,village_143.jpg_0,r,Ubuntu Mono
2054,war_144.jpg_0,o,VertigoFLF
2055,war_144.jpg_0,w,VertigoFLF
2056,war_144.jpg_0,Y,VertigoFLF
2057,war_144.jpg_0,I,VertigoFLF
2058,war_144.jpg_0,d,VertigoFLF
2059,war_144.jpg_0,r,VertigoFLF
2060,war_144.jpg_0,i,VertigoFLF
2061,war_144.jpg_0,v,Ubuntu Mono
2062,war_144.jpg_0,e,VertigoFLF
2063,war_144.jpg_0,r,VertigoFLF
2064,war_144.jpg_0,s,Ubuntu Mono
2065,war_144.jpg_0,u,Ubuntu Mono
2066,war_144.jpg_0,n,VertigoFLF
2067,war_144.jpg_0,r,Ubuntu Mono
2068,war_144.jpg_0,e,Ubuntu Mono
2069,war_144.jpg_0,e,VertigoFLF
2070,war_144.jpg_0,r,VertigoFLF
2071,war_144.jpg_0,),VertigoFLF
2072,war_144.jpg_0,y,Flower Rose Brush
2073,war_144.jpg_0,o,Flower Rose Brush
2074,war_144.jpg_0,u,Flower Rose Brush
2075,war_144.jpg_0,N,VertigoFLF
2076,woollens_128.jpg_0,P,VertigoFLF
2077,woollens_128.jpg_0,u,VertigoFLF
2078,woollens_128.jpg_0,",",VertigoFLF
2079,woollens_128.jpg_0,o,VertigoFLF
2080,woollens_128.jpg_0,u,VertigoFLF
2081,woollens_128.jpg_0,t,always forever
2082,woollens_128.jpg_0,.,always forever
2083,woollens_128.jpg_0,T,always forever
2084,woollens_128.jpg_0,w,always forever
2085,woollens_128.jpg_0,o,always forever
2086,woollens_128.jpg_0,F,always forever
2087,woollens_128.jpg_0,O,always forever
2088,woollens_128.jpg_0,b,VertigoFLF
2089,woollens_128.jpg_0,R,always forever
2090,woollens_128.jpg_0,l,Flower Rose Brush
2091,woollens_128.jpg_0,a,Flower Rose Brush
2092,woollens_128.jpg_0,b,Flower Rose Brush
2093,woollens_128.jpg_0,"""",Flower Rose Brush
2094,woollens_128.jpg_0,h,Ubuntu Mono
2095,woollens_128.jpg_0,e,Ubuntu Mono
2096,woollens_128.jpg_0,a,Ubuntu Mono
2097,woollens_128.jpg_0,r,Ubuntu Mono
2098,woollens_128.jpg_0,d,Ubuntu Mono
2099,woollens_128.jpg_0,l,VertigoFLF
2100,woollens_128.jpg_0,i,Skylark
2101,woollens_128.jpg_0,t,Skylark
2102,woollens_128.jpg_0,.,Flower Rose Brush
2103,woollens_128.jpg_0,>,always forever
2104,woollens_128.jpg_0,s,always forever
2105,woollens_128.jpg_0,c,always forever
2106,woollens_128.jpg_0,a,VertigoFLF
2107,woollens_128.jpg_0,n,VertigoFLF
2108,woollens_128.jpg_0,.,Flower Rose Brush
2109,woollens_128.jpg_0,s,Ubuntu Mono
2110,woollens_128.jpg_0,i,VertigoFLF
2111,woollens_128.jpg_0,t,Ubuntu Mono
2112,woollens_128.jpg_0,u,Ubuntu Mono
2113,woollens_128.jpg_0,f,Ubuntu Mono
2114,woollens_128.jpg_0,f,Ubuntu Mono
2115,woollens_128.jpg_0,c,VertigoFLF
2116,woollens_128.jpg_0,T,always forever
2117,woollens_128.jpg_0,h,always forever
2118,woollens_128.jpg_0,u,always forever
2119,woollens_128.jpg_0,s,always forever
2120,woollens_72.jpg_0,a,VertigoFLF
2121,woollens_72.jpg_0,b,VertigoFLF
2122,woollens_72.jpg_0,o,VertigoFLF
2123,woollens_72.jpg_0,v,always forever
2124,woollens_72.jpg_0,e,VertigoFLF
2125,zebra_31.jpg_0,P,VertigoFLF
2126,zebra_31.jpg_0,o,VertigoFLF
2127,zebra_31.jpg_0,r,VertigoFLF
2128,zebra_31.jpg_0,k,VertigoFLF
2129,zebra_31.jpg_0,a,Skylark
2130,zebra_31.jpg_0,r,Skylark
2131,zebra_31.jpg_0,e,Skylark
2132,zebra_31.jpg_0,U,Sweet Puppy
2133,zebra_31.jpg_0,S,Sweet Puppy
2134,zebra_31.jpg_0,A,Sweet Puppy
2135,zebra_31.jpg_0,a,VertigoFLF
2136,zebra_31.jpg_0,v,always forever
2137,zebra_31.jpg_0,s,VertigoFLF
2138,zebra_31.jpg_0,e,VertigoFLF
2139,zebra_31.jpg_0,r,Ubuntu Mono
2140,zebra_31.jpg_0,e,Ubuntu Mono
2141,zebra_31.jpg_0,q,Ubuntu Mono
2142,zebra_31.jpg_0,u,Ubuntu Mono
2143,zebra_31.jpg_0,e,Ubuntu Mono
2144,zebra_31.jpg_0,s,Ubuntu Mono
2145,zebra_31.jpg_0,t,Ubuntu Mono
2146,zebra_31.jpg_0,t,VertigoFLF
2147,zebra_31.jpg_0,h,VertigoFLF
2148,zebra_31.jpg_0,t,VertigoFLF
2149,zebra_31.jpg_0,e,VertigoFLF
2150,zebra_31.jpg_0,e,Ubuntu Mono
2151,zebra_31.jpg_0,m,Ubuntu Mono
2152,zebra_31.jpg_0,a,Ubuntu Mono
2153,zebra_31.jpg_0,i,Ubuntu Mono
2154,zebra_31.jpg_0,l,Ubuntu Mono
2155,zebra_31.jpg_0,e,VertigoFLF
2156,zebra_31.jpg_0,r,VertigoFLF
2157,zebra_31.jpg_0,),VertigoFLF
2158,zebra_31.jpg_0,(,VertigoFLF
2159,zebra_31.jpg_0,M,VertigoFLF
2160,zebra_31.jpg_0,a,VertigoFLF
2161,zoo_30.jpg_0,t,Ubuntu Mono
2162,zoo_30.jpg_0,h,Ubuntu Mono
2163,zoo_30.jpg_0,",",always forever
2164,zoo_30.jpg_0,3,VertigoFLF
2165,zoo_30.jpg_0,-,VertigoFLF
2166,zoo_30.jpg_0,D,VertigoFLF
2167,zoo_30.jpg_0,t,Skylark
2168,zoo_30.jpg_0,h,Skylark
2169,zoo_30.jpg_0,e,Skylark
2170,zoo_30.jpg_0,u,always forever
2171,zoo_30.jpg_0,s,always forever
2172,zoo_30.jpg_0,e,always forever
2173,zoo_30.jpg_0,e,Ubuntu Mono
2174,zoo_30.jpg_0,d,always forever
2175,zoo_30.jpg_0,T,always forever
2176,zoo_30.jpg_0,h,always forever
2177,zoo_30.jpg_0,e,always forever
2178,zoo_30.jpg_0,L,always forever
2179,zoo_30.jpg_0,o,always forever
2180,zoo_30.jpg_0,w,always forever
2181,zoo_30.jpg_0,n,Ubuntu Mono
2182,zoo_30.jpg_0,e,Ubuntu Mono
2183,zoo_30.jpg_0,w,Ubuntu Mono
2184,zoo_30.jpg_0,t,VertigoFLF
2185,zoo_30.jpg_0,0,always forever
2186,zoo_30.jpg_0,.,always forever
2187,zoo_30.jpg_0,3,always forever
2188,zoo_30.jpg_0,3,always forever
2189,zoo_30.jpg_0,3,VertigoFLF
2190,zoo_30.jpg_0,h,VertigoFLF
2191,zoo_30.jpg_0,a,VertigoFLF
2192,zoo_30.jpg_0,t,VertigoFLF
2193,zoo_30.jpg_0,T,always forever
2194,zoo_30.jpg_0,h,always forever
2195,zoo_30.jpg_0,u,always forever
